Git Dates;Git Hashes;File;Distiller Result
2017-11-23 10:23:35 +0000->2017-11-23 10:05:55 +0000;8b72582->c52dd38;src/main/java/org/apache/commons/daemon/Daemon.java;Update: /**\n     * Stops the operation of this <code>Daemon</code> instance. Note\n     * that the proper place to free any allocated resources such as\n     * sockets or file descriptors is in the destroy method, as the\n     * container may restart the Daemon by calling start() after\n     * stop().\n     *\n     * @throws Exception If the stop was not successful\n     */
2017-11-23 10:23:35 +0000->2017-11-23 10:05:55 +0000;8b72582->c52dd38;src/main/java/org/apache/commons/daemon/Daemon.java;Update: /**\n     * Starts the operation of this <code>Daemon</code> instance. This\n     * method is to be invoked by the environment after the init()\n     * method has been successfully invoked and possibly the security\n     * level of the JVM has been dropped. Implementors of this\n     * method are free to start any number of threads, but need to\n     * return control after having done that to enable invocation of\n     * the stop()-method.\n     *\n     * @throws Exception If the start was not successful\n     */
2017-11-23 10:23:35 +0000->2017-11-23 10:05:55 +0000;8b72582->c52dd38;src/main/java/org/apache/commons/daemon/DaemonContext.java;Update: /**\n     * @return An array of {@link String} arguments supplied by the environment\n     *         corresponding to the array of arguments given in the\n     *         <code>public static void main()</code> method used as an entry\n     *         point to most other java programs.\n     */
2017-11-23 10:23:35 +0000->2017-11-23 10:05:55 +0000;8b72582->c52dd38;src/main/java/org/apache/commons/daemon/DaemonContext.java;Update: /**\n     * @return  A {@link DaemonController} object that can be used to control\n     *          the {@link Daemon} instance that this <code>DaemonContext</code>\n     *          is passed to.\n     */
2017-11-23 10:23:35 +0000->2017-11-23 10:05:55 +0000;8b72582->c52dd38;src/main/java/org/apache/commons/daemon/DaemonController.java;Update: /**\n     * Shuts down daemon and logs failed message.\n     *\n     * @param   message The message to log\n     *\n     * @throws IllegalStateException If the daemon is not in a valid state to be\n     *                               shutdown\n     */
2017-11-23 10:23:35 +0000->2017-11-23 10:05:55 +0000;8b72582->c52dd38;src/main/java/org/apache/commons/daemon/DaemonController.java;Update: /**\n     * Shuts down daemon and logs failed message.\n     *\n     * @param   exception   The exception to log\n     *\n     * @throws IllegalStateException If the daemon is not in a valid state to be\n     *                               shutdown\n     */
2017-11-23 10:23:35 +0000->2017-11-23 10:05:55 +0000;8b72582->c52dd38;src/main/java/org/apache/commons/daemon/DaemonController.java;Update: /**\n     * Shuts down the daemon.\n     *\n     * @throws IllegalStateException If the daemon is not in a valid state to be\n     *                               shutdown\n     */
2017-11-23 10:23:35 +0000->2017-11-23 10:05:55 +0000;8b72582->c52dd38;src/main/java/org/apache/commons/daemon/DaemonController.java;Update: /**\n     * Shuts down daemon and logs failed message.\n     *\n     * @param   message     The message to log\n     * @param   exception   The exception to log\n     *\n     * @throws IllegalStateException If the daemon is not in a valid state to be\n     *                               shutdown\n     */
2017-11-23 10:23:35 +0000->2017-11-23 10:05:55 +0000;8b72582->c52dd38;src/main/java/org/apache/commons/daemon/DaemonController.java;Update: /**\n     * Reloads daemon\n     *\n     * @throws IllegalStateException If the daemon is not in a valid state to be\n     *                               reloaded\n     */
2017-11-23 10:23:35 +0000->2017-11-23 10:05:55 +0000;8b72582->c52dd38;src/main/java/org/apache/commons/daemon/DaemonController.java;Update: /**\n     * Shuts down daemon and logs failed message.\n     *\n     * @throws IllegalStateException If the daemon is not in a valid state to be\n     *                               shutdown\n     */
2017-11-23 10:23:35 +0000->2017-11-23 10:05:55 +0000;8b72582->c52dd38;src/main/java/org/apache/commons/daemon/support/DaemonConfiguration.java;Update: /**\n     * Gets the configuration property.\n     *\n     * @param name The name of the property to get.\n     *\n     * @throws ParseException if the property is wrongly formatted.\n     *\n     * @return  Configuration property including any expansion/replacement\n     */
2017-11-23 10:23:35 +0000->2017-11-23 10:05:55 +0000;8b72582->c52dd38;src/main/java/org/apache/commons/daemon/support/DaemonConfiguration.java;Update: /**\n     * Gets the configuration property array.\n     * <p>\n     * Property array is constructed form the list of properties\n     * which end with <code>[index]</code>\n     * </p>\n     * <pre>\n     * daemon.arg[0] = argument 1\n     * daemon.arg[1] = argument 2\n     * daemon.arg[2] = argument 3\n     * </pre>\n     * @param name The name of the property array to get.\n     *\n     * @throws ParseException if the property is wrongly formatted.\n     *\n     * @return  Configuration property array including any expansion/replacement\n     */
2017-07-17 19:25:26 +0000->2017-07-17 19:23:28 +0000;7074d4e->a10b98c;src/main/java/org/apache/commons/daemon/DaemonInitException.java;Update: final String extra = ((this.cause == null) ? "" : (": " + this.cause.getMessage()));
2017-07-17 19:25:26 +0000->2017-07-17 19:23:28 +0000;7074d4e->a10b98c;src/main/java/org/apache/commons/daemon/DaemonPermission.java;Update: final StringTokenizer tok = new StringTokenizer(actions, ",", false);
2017-07-17 19:25:26 +0000->2017-07-17 19:23:28 +0000;7074d4e->a10b98c;src/main/java/org/apache/commons/daemon/DaemonPermission.java;Update: final String val = tok.nextToken().trim();
2017-07-17 19:25:26 +0000->2017-07-17 19:23:28 +0000;7074d4e->a10b98c;src/main/java/org/apache/commons/daemon/DaemonPermission.java;Update: final StringBuffer buf = new StringBuffer();
2017-07-17 19:25:26 +0000->2017-07-17 19:23:28 +0000;7074d4e->a10b98c;src/main/java/org/apache/commons/daemon/DaemonPermission.java;Update: final StringBuffer buf = new StringBuffer();
2017-07-17 19:25:26 +0000->2017-07-17 19:23:28 +0000;7074d4e->a10b98c;src/main/java/org/apache/commons/daemon/DaemonPermission.java;Update: final DaemonPermission that = (DaemonPermission) permission;
2017-07-17 19:25:26 +0000->2017-07-17 19:23:28 +0000;7074d4e->a10b98c;src/main/java/org/apache/commons/daemon/DaemonPermission.java;Update: final DaemonPermission that = (DaemonPermission) object;
2017-07-17 19:25:26 +0000->2017-07-17 19:23:28 +0000;7074d4e->a10b98c;src/main/java/org/apache/commons/daemon/support/DaemonConfiguration.java;Update: final ArrayList<String> list = new ArrayList<String>();
2017-07-17 19:25:26 +0000->2017-07-17 19:23:28 +0000;7074d4e->a10b98c;src/main/java/org/apache/commons/daemon/support/DaemonConfiguration.java;Update: final int etoken = propValue.indexOf(ETOKEN, btoken);
2017-07-17 19:25:26 +0000->2017-07-17 19:23:28 +0000;7074d4e->a10b98c;src/main/java/org/apache/commons/daemon/support/DaemonConfiguration.java;Update: final String variable = propValue.substring((btoken + BTOKEN.length()), etoken);
2017-07-17 19:25:26 +0000->2017-07-17 19:23:28 +0000;7074d4e->a10b98c;src/main/java/org/apache/commons/daemon/support/DaemonConfiguration.java;Update: final String strtoken = propValue.substring(ctoken, btoken);
2017-07-17 19:25:26 +0000->2017-07-17 19:23:28 +0000;7074d4e->a10b98c;src/main/java/org/apache/commons/daemon/support/DaemonLoader.java;Update: final Object[] arg = null;
2017-07-17 19:25:26 +0000->2017-07-17 19:23:28 +0000;7074d4e->a10b98c;src/main/java/org/apache/commons/daemon/support/DaemonLoader.java;Update: final ClassLoader cl = DaemonLoader.class.getClassLoader();
2017-07-17 19:25:26 +0000->2017-07-17 19:23:28 +0000;7074d4e->a10b98c;src/main/java/org/apache/commons/daemon/support/DaemonLoader.java;Update: final Class<?> c = cl.loadClass(cn);
2017-07-17 19:25:26 +0000->2017-07-17 19:23:28 +0000;7074d4e->a10b98c;src/main/java/org/apache/commons/daemon/support/DaemonLoader.java;Update: final Object[] arg = null;
2017-07-17 19:25:26 +0000->2017-07-17 19:23:28 +0000;7074d4e->a10b98c;src/main/java/org/apache/commons/daemon/support/DaemonLoader.java;Update: final ClassLoader cl = DaemonLoader.class.getClassLoader();
2017-07-17 19:25:26 +0000->2017-07-17 19:23:28 +0000;7074d4e->a10b98c;src/main/java/org/apache/commons/daemon/support/DaemonLoader.java;Update: final Throwable thrown = e.getTargetException();
2017-07-17 19:25:26 +0000->2017-07-17 19:23:28 +0000;7074d4e->a10b98c;src/main/java/org/apache/commons/daemon/support/DaemonLoader.java;Update: final String[] a = new String[(args.length + 2)];
2017-07-17 19:25:26 +0000->2017-07-17 19:23:28 +0000;7074d4e->a10b98c;src/main/java/org/apache/commons/daemon/support/DaemonLoader.java;Update: final Class<?> dclass = cl.loadClass("org.apache.commons.daemon.Daemon");
2017-07-17 19:25:26 +0000->2017-07-17 19:23:28 +0000;7074d4e->a10b98c;src/main/java/org/apache/commons/daemon/support/DaemonLoader.java;Update: final Context context = new Context();
2017-07-17 19:25:26 +0000->2017-07-17 19:23:28 +0000;7074d4e->a10b98c;src/main/java/org/apache/commons/daemon/support/DaemonLoader.java;Update: final Object[] arg = new Object[1];
2017-07-17 19:25:26 +0000->2017-07-17 19:23:28 +0000;7074d4e->a10b98c;src/main/java/org/apache/commons/daemon/support/DaemonLoader.java;Update: final Object[] arg = new Object[1];
2017-07-17 19:25:26 +0000->2017-07-17 19:23:28 +0000;7074d4e->a10b98c;src/main/java/org/apache/commons/daemon/support/DaemonLoader.java;Update: final Object[] arg = null;
2017-07-17 19:25:26 +0000->2017-07-17 19:23:28 +0000;7074d4e->a10b98c;src/main/java/org/apache/commons/daemon/support/DaemonWrapper.java;Update: final ClassLoader cl = DaemonWrapper.class.getClassLoader();
2017-07-17 19:25:26 +0000->2017-07-17 19:23:28 +0000;7074d4e->a10b98c;src/main/java/org/apache/commons/daemon/support/DaemonWrapper.java;Update: final Class<?>[] ca = new Class[1];
2017-07-17 19:25:26 +0000->2017-07-17 19:23:28 +0000;7074d4e->a10b98c;src/main/java/org/apache/commons/daemon/support/DaemonWrapper.java;Update: final ArrayList<String> aa = new ArrayList<String>();
2017-07-17 19:25:26 +0000->2017-07-17 19:23:28 +0000;7074d4e->a10b98c;src/main/java/org/apache/commons/daemon/support/DaemonWrapper.java;Update: final Object[] arg = new Object[1];
2017-07-17 19:25:26 +0000->2017-07-17 19:23:28 +0000;7074d4e->a10b98c;src/main/java/org/apache/commons/daemon/support/DaemonWrapper.java;Update: final String[] args = context.getArguments();
2017-07-17 19:25:26 +0000->2017-07-17 19:23:28 +0000;7074d4e->a10b98c;src/main/java/org/apache/commons/daemon/support/DaemonWrapper.java;Update: final String[] copy = new String[(args.length - i)];
2017-07-17 19:25:26 +0000->2017-07-17 19:23:28 +0000;7074d4e->a10b98c;src/main/java/org/apache/commons/daemon/support/DaemonWrapper.java;Update: final String[] aa = new String[1];
2017-07-17 19:25:26 +0000->2017-07-17 19:23:28 +0000;7074d4e->a10b98c;src/test/java/org/apache/commons/daemon/SimpleDaemon.java;Update: final PrintStream out = new PrintStream(os);
2017-07-17 19:25:26 +0000->2017-07-17 19:23:28 +0000;7074d4e->a10b98c;src/test/java/org/apache/commons/daemon/SimpleDaemon.java;Update: final int x = in.read();
2017-07-17 19:25:26 +0000->2017-07-17 19:23:28 +0000;7074d4e->a10b98c;src/test/java/org/apache/commons/daemon/SimpleDaemon.java;Update: final String name = (((this.getDirectoryName() + "/SimpleDaemon.") + this.getConnectionNumber()) + ".tmp");
2017-07-17 19:25:26 +0000->2017-07-17 19:23:28 +0000;7074d4e->a10b98c;src/test/java/org/apache/commons/daemon/SimpleDaemon.java;Update: final InputStream in = this.socket.getInputStream();
2017-07-17 19:25:26 +0000->2017-07-17 19:23:28 +0000;7074d4e->a10b98c;src/test/java/org/apache/commons/daemon/SimpleDaemon.java;Update: final OutputStream out = this.socket.getOutputStream();
2017-07-17 19:25:26 +0000->2017-07-17 19:23:28 +0000;7074d4e->a10b98c;src/test/java/org/apache/commons/daemon/SimpleDaemon.java;Update: final OutputStream file = new FileOutputStream(name, true);
2017-07-17 19:25:26 +0000->2017-07-17 19:23:28 +0000;7074d4e->a10b98c;src/test/java/org/apache/commons/daemon/SimpleDaemon.java;Update: final PrintStream out = new PrintStream(file);
2017-07-17 19:25:26 +0000->2017-07-17 19:23:28 +0000;7074d4e->a10b98c;src/test/java/org/apache/commons/daemon/SimpleDaemon.java;Update: final SimpleDateFormat fmt = new SimpleDateFormat();
2017-07-17 19:25:26 +0000->2017-07-17 19:23:28 +0000;7074d4e->a10b98c;src/test/java/org/apache/commons/daemon/SimpleDaemon.java;Update: final Enumeration<Handler> openhandlers = this.handlers.elements();
2017-07-17 19:25:26 +0000->2017-07-17 19:23:28 +0000;7074d4e->a10b98c;src/test/java/org/apache/commons/daemon/SimpleDaemon.java;Update: final Handler handler = openhandlers.nextElement();
2017-07-17 19:25:26 +0000->2017-07-17 19:23:28 +0000;7074d4e->a10b98c;src/test/java/org/apache/commons/daemon/SimpleDaemon.java;Update: final Socket socket = this.server.accept();
2017-07-17 19:25:26 +0000->2017-07-17 19:23:28 +0000;7074d4e->a10b98c;src/test/java/org/apache/commons/daemon/SimpleDaemon.java;Update: final Handler handler = new Handler(socket, this, this.controller);
2017-07-17 19:25:26 +0000->2017-07-17 19:23:28 +0000;7074d4e->a10b98c;src/test/java/org/apache/commons/daemon/SimpleDaemon.java;Update: final String[] a = context.getArguments();
2016-11-04 09:55:27 +0000->;00db7b2->e8afcf8;src/main/java/org/apache/commons/daemon/support/DaemonLoader.java;Insert: /* Run garbage collector */
2016-11-04 09:55:27 +0000->;00db7b2->e8afcf8;src/main/java/org/apache/commons/daemon/support/DaemonLoader.java;Insert: System.gc();
2016-11-04 09:55:27 +0000->;00db7b2->e8afcf8;src/main/java/org/apache/commons/daemon/support/DaemonLoader.java;Insert: /* Run garbage collector */
2016-11-04 09:55:27 +0000->;00db7b2->e8afcf8;src/main/java/org/apache/commons/daemon/support/DaemonLoader.java;Insert: System.gc();
2016-11-04 09:55:27 +0000->;00db7b2->e8afcf8;src/main/java/org/apache/commons/daemon/support/DaemonLoader.java;Insert: /* Make sure any previous instance is garbage collected */
2016-11-04 09:55:27 +0000->;00db7b2->e8afcf8;src/main/java/org/apache/commons/daemon/support/DaemonLoader.java;Insert: System.gc();
2016-11-03 11:48:13 +0000->2016-11-03 11:44:02 +0000;e77fe8a->dde792f;src/main/java/org/apache/commons/daemon/support/DaemonConfiguration.java;Update: ArrayList<String> list = new ArrayList<String>();
2016-11-03 11:48:13 +0000->2016-11-03 11:44:02 +0000;e77fe8a->dde792f;src/main/java/org/apache/commons/daemon/support/DaemonConfiguration.java;Update: list.toArray(new String[list.size()]);
2016-11-03 11:48:13 +0000->2016-11-03 11:44:02 +0000;e77fe8a->dde792f;src/main/java/org/apache/commons/daemon/support/DaemonLoader.java;Update: Class<?> c = cl.loadClass(cn);
2016-11-03 11:48:13 +0000->2016-11-03 11:44:02 +0000;e77fe8a->dde792f;src/main/java/org/apache/commons/daemon/support/DaemonLoader.java;Update: Class<?> c;
2016-11-03 11:48:13 +0000->2016-11-03 11:44:02 +0000;e77fe8a->dde792f;src/main/java/org/apache/commons/daemon/support/DaemonLoader.java;Update: Class<?>[] myclass = new Class[1];
2016-11-03 11:48:13 +0000->2016-11-03 11:44:02 +0000;e77fe8a->dde792f;src/main/java/org/apache/commons/daemon/support/DaemonLoader.java;Update: Class<?> dclass = cl.loadClass("org.apache.commons.daemon.Daemon");
2016-11-03 11:48:13 +0000->2016-11-03 11:44:02 +0000;e77fe8a->dde792f;src/main/java/org/apache/commons/daemon/support/DaemonWrapper.java;Update: Class<?>[] ca = new Class[1];
2016-11-03 11:48:13 +0000->2016-11-03 11:44:02 +0000;e77fe8a->dde792f;src/main/java/org/apache/commons/daemon/support/DaemonWrapper.java;Update: ArrayList<String> aa = new ArrayList<String>();
2016-11-03 11:48:13 +0000->2016-11-03 11:44:02 +0000;e77fe8a->dde792f;src/main/java/org/apache/commons/daemon/support/DaemonWrapper.java;Update: this.args = aa.toArray(new String[aa.size()]);
2016-11-03 11:48:13 +0000->2016-11-03 11:44:02 +0000;e77fe8a->dde792f;src/main/java/org/apache/commons/daemon/support/DaemonWrapper.java;Update: Class<?>
2016-11-03 11:48:13 +0000->2016-11-03 11:44:02 +0000;e77fe8a->dde792f;src/test/java/org/apache/commons/daemon/SimpleDaemon.java;Update: this.handlers = new Vector<Handler>();
2016-11-03 11:48:13 +0000->2016-11-03 11:44:02 +0000;e77fe8a->dde792f;src/test/java/org/apache/commons/daemon/SimpleDaemon.java;Update: Enumeration<Handler> openhandlers = this.handlers.elements();
2016-11-03 11:48:13 +0000->2016-11-03 11:44:02 +0000;e77fe8a->dde792f;src/test/java/org/apache/commons/daemon/SimpleDaemon.java;Update: Handler handler = openhandlers.nextElement();
2016-11-03 11:48:13 +0000->2016-11-03 11:44:02 +0000;e77fe8a->dde792f;src/test/java/org/apache/commons/daemon/SimpleDaemon.java;Update: Vector<Handler>
2015-09-02 21:57:41 +0000->2015-08-18 15:03:19 +0000;fa9bd53->b470b6c;src/main/java/org/apache/commons/daemon/support/DaemonLoader.java;Insert: (signal != null)
2015-09-02 21:57:41 +0000->2015-08-18 15:03:19 +0000;fa9bd53->b470b6c;src/main/java/org/apache/commons/daemon/support/DaemonLoader.java;Move: System.out.println("Daemon doesn\'t support signaling");
2015-09-02 21:57:41 +0000->2015-08-18 15:03:19 +0000;fa9bd53->b470b6c;src/main/java/org/apache/commons/daemon/support/DaemonLoader.java;Insert: (! this.isAvailable())
2015-09-02 21:57:41 +0000->2015-08-18 15:03:19 +0000;fa9bd53->b470b6c;src/main/java/org/apache/commons/daemon/support/DaemonLoader.java;Insert: (! this.isAvailable())
2015-09-02 21:57:41 +0000->2015-08-18 15:03:19 +0000;fa9bd53->b470b6c;src/main/java/org/apache/commons/daemon/support/DaemonLoader.java;Delete: (! this.isAvailable())
2015-09-02 21:57:41 +0000->2015-08-18 15:03:19 +0000;fa9bd53->b470b6c;src/main/java/org/apache/commons/daemon/support/DaemonLoader.java;Move: this.setAvailable(false);
2015-09-02 21:57:41 +0000->2015-08-18 15:03:19 +0000;fa9bd53->b470b6c;src/main/java/org/apache/commons/daemon/support/DaemonLoader.java;Move: DaemonLoader.shutdown(false);
2015-09-02 21:57:41 +0000->2015-08-18 15:03:19 +0000;fa9bd53->b470b6c;src/main/java/org/apache/commons/daemon/support/DaemonLoader.java;Insert: (! this.isAvailable())
2015-09-02 21:57:41 +0000->2015-08-18 15:03:19 +0000;fa9bd53->b470b6c;src/main/java/org/apache/commons/daemon/support/DaemonLoader.java;Insert: (! this.isAvailable())
2015-09-02 21:57:41 +0000->2015-08-18 15:03:19 +0000;fa9bd53->b470b6c;src/main/java/org/apache/commons/daemon/support/DaemonLoader.java;Delete: (! this.isAvailable())
2015-09-02 21:57:41 +0000->2015-08-18 15:03:19 +0000;fa9bd53->b470b6c;src/main/java/org/apache/commons/daemon/support/DaemonLoader.java;Move: this.setAvailable(false);
2015-09-02 21:57:41 +0000->2015-08-18 15:03:19 +0000;fa9bd53->b470b6c;src/main/java/org/apache/commons/daemon/support/DaemonLoader.java;Move: DaemonLoader.shutdown(true);
2015-08-08 18:42:51 +0000->2015-08-08 18:41:30 +0000;bc4b72b->9ace019;src/main/java/org/apache/commons/daemon/DaemonInitException.java;Delete: org.apache.commons.daemon.DaemonInitException.serialVersionUID : long
2015-08-08 18:42:51 +0000->2015-08-08 18:41:30 +0000;bc4b72b->9ace019;src/main/java/org/apache/commons/daemon/DaemonPermission.java;Delete: org.apache.commons.daemon.DaemonPermission.serialVersionUID : long
2015-08-08 18:41:30 +0000->2015-05-08 14:16:28 +0000;9ace019->9a70c83;src/main/java/org/apache/commons/daemon/support/DaemonConfiguration.java;Insert: (name == null)
2015-08-08 18:41:30 +0000->2015-05-08 14:16:28 +0000;9ace019->9a70c83;src/main/java/org/apache/commons/daemon/support/DaemonConfiguration.java;Move: expandProperty(configurationProperties.getProperty((PREFIX + name)));
2013-03-06 10:04:49 +0000->2013-02-26 23:53:27 +0000;e6a9392->b0c9f39;src/main/java/org/apache/commons/daemon/support/DaemonWrapper.java;Insert: Object obj = main.newInstance();
2013-03-06 10:04:49 +0000->2013-02-26 23:53:27 +0000;e6a9392->b0c9f39;src/main/java/org/apache/commons/daemon/support/DaemonWrapper.java;Delete: Object obj = null;
2013-03-06 10:04:49 +0000->2013-02-26 23:53:27 +0000;e6a9392->b0c9f39;src/main/java/org/apache/commons/daemon/support/DaemonWrapper.java;Delete: // We only need object instance for non-static methods.
2013-03-06 10:04:49 +0000->2013-02-26 23:53:27 +0000;e6a9392->b0c9f39;src/main/java/org/apache/commons/daemon/support/DaemonWrapper.java;Delete: obj = main.newInstance();
2013-03-06 10:04:49 +0000->2013-02-26 23:53:27 +0000;e6a9392->b0c9f39;src/main/java/org/apache/commons/daemon/support/DaemonWrapper.java;Delete: ((inst.getModifiers() & Modifier.STATIC) == 0)
2011-08-01 20:31:34 +0000->2011-08-01 20:13:28 +0000;5a5aed9->232b578;src/java/org/apache/commons/daemon/support/DaemonConfiguration.java;Delete: file = new FileInputStream(fileName);
2011-08-01 20:31:34 +0000->2011-08-01 20:13:28 +0000;5a5aed9->232b578;src/java/org/apache/commons/daemon/support/DaemonConfiguration.java;Delete: file.close();
2011-08-01 20:31:34 +0000->2011-08-01 20:13:28 +0000;5a5aed9->232b578;src/java/org/apache/commons/daemon/support/DaemonConfiguration.java;Delete: (file != null)
2011-08-01 20:31:34 +0000->2011-08-01 20:13:28 +0000;5a5aed9->232b578;src/java/org/apache/commons/daemon/support/DaemonConfiguration.java;Delete: IOException
2011-08-01 20:31:34 +0000->2011-08-01 20:13:28 +0000;5a5aed9->232b578;src/java/org/apache/commons/daemon/support/DaemonConfiguration.java;Delete: 
2011-08-01 20:31:34 +0000->2011-08-01 20:13:28 +0000;5a5aed9->232b578;src/java/org/apache/commons/daemon/support/DaemonConfiguration.java;Move: 
2011-08-01 20:31:34 +0000->2011-08-01 20:13:28 +0000;5a5aed9->232b578;src/java/org/apache/commons/daemon/support/DaemonConfiguration.java;Move: FileInputStream file = null;
2011-08-01 20:31:34 +0000->2011-08-01 20:13:28 +0000;5a5aed9->232b578;src/java/org/apache/commons/daemon/support/DaemonConfiguration.java;Update: FileInputStream file = null;
2011-06-02 16:29:44 +0000->2011-06-02 15:33:05 +0000;d352d2c->ed81cc9;src/java/org/apache/commons/daemon/support/DaemonLoader.java;Delete: signal = c.getMethod("signal", myclass);
2011-06-02 16:29:44 +0000->2011-06-02 15:33:05 +0000;d352d2c->ed81cc9;src/java/org/apache/commons/daemon/support/DaemonLoader.java;Delete: NoSuchMethodException
2011-06-02 16:29:44 +0000->2011-06-02 15:33:05 +0000;d352d2c->ed81cc9;src/java/org/apache/commons/daemon/support/DaemonLoader.java;Delete: // Signaling will be disabled.
2011-06-02 16:29:44 +0000->2011-06-02 15:33:05 +0000;d352d2c->ed81cc9;src/java/org/apache/commons/daemon/support/DaemonLoader.java;Delete: 
2011-06-02 16:29:44 +0000->2011-06-02 15:33:05 +0000;d352d2c->ed81cc9;src/java/org/apache/commons/daemon/support/DaemonLoader.java;Move: 
2011-06-02 16:29:44 +0000->2011-06-02 15:33:05 +0000;d352d2c->ed81cc9;src/java/org/apache/commons/daemon/support/DaemonLoader.java;Move: /* Make sure any previous instance is garbage collected */
2011-06-02 16:29:44 +0000->2011-06-02 15:33:05 +0000;d352d2c->ed81cc9;src/java/org/apache/commons/daemon/support/DaemonLoader.java;Move: System.gc();
2011-06-02 16:29:44 +0000->2011-06-02 15:33:05 +0000;d352d2c->ed81cc9;src/java/org/apache/commons/daemon/support/DaemonLoader.java;Move: /* Check if the underlying libray supplied a valid list of\n               arguments */
2011-06-02 16:29:44 +0000->2011-06-02 15:33:05 +0000;d352d2c->ed81cc9;src/java/org/apache/commons/daemon/support/DaemonLoader.java;Move: (args == null)
2011-06-02 16:29:44 +0000->2011-06-02 15:33:05 +0000;d352d2c->ed81cc9;src/java/org/apache/commons/daemon/support/DaemonLoader.java;Move: /* Check the class name */
2011-06-02 16:29:44 +0000->2011-06-02 15:33:05 +0000;d352d2c->ed81cc9;src/java/org/apache/commons/daemon/support/DaemonLoader.java;Move: (className == null)
2011-06-02 16:29:44 +0000->2011-06-02 15:33:05 +0000;d352d2c->ed81cc9;src/java/org/apache/commons/daemon/support/DaemonLoader.java;Move: /* Get the ClassLoader loading this class */
2011-06-02 16:29:44 +0000->2011-06-02 15:33:05 +0000;d352d2c->ed81cc9;src/java/org/apache/commons/daemon/support/DaemonLoader.java;Move: ClassLoader cl = DaemonLoader.class.getClassLoader();
2011-06-02 16:29:44 +0000->2011-06-02 15:33:05 +0000;d352d2c->ed81cc9;src/java/org/apache/commons/daemon/support/DaemonLoader.java;Move: (cl == null)
2011-06-02 16:29:44 +0000->2011-06-02 15:33:05 +0000;d352d2c->ed81cc9;src/java/org/apache/commons/daemon/support/DaemonLoader.java;Move: Class c;
2011-06-02 16:29:44 +0000->2011-06-02 15:33:05 +0000;d352d2c->ed81cc9;src/java/org/apache/commons/daemon/support/DaemonLoader.java;Move: (className.charAt(0) == '@')
2011-06-02 16:29:44 +0000->2011-06-02 15:33:05 +0000;d352d2c->ed81cc9;src/java/org/apache/commons/daemon/support/DaemonLoader.java;Move: /* This should _never_ happen, but doublechecking doesn't harm */
2011-06-02 16:29:44 +0000->2011-06-02 15:33:05 +0000;d352d2c->ed81cc9;src/java/org/apache/commons/daemon/support/DaemonLoader.java;Move: (c == null)
2011-06-02 16:29:44 +0000->2011-06-02 15:33:05 +0000;d352d2c->ed81cc9;src/java/org/apache/commons/daemon/support/DaemonLoader.java;Move: /* Check interfaces */
2011-06-02 16:29:44 +0000->2011-06-02 15:33:05 +0000;d352d2c->ed81cc9;src/java/org/apache/commons/daemon/support/DaemonLoader.java;Move: boolean isdaemon = false;
2011-06-02 16:29:44 +0000->2011-06-02 15:33:05 +0000;d352d2c->ed81cc9;src/java/org/apache/commons/daemon/support/DaemonLoader.java;Move: 
2011-06-02 16:29:44 +0000->2011-06-02 15:33:05 +0000;d352d2c->ed81cc9;src/java/org/apache/commons/daemon/support/DaemonLoader.java;Move: // Swallow if Daemon not found.
2011-06-02 16:29:44 +0000->2011-06-02 15:33:05 +0000;d352d2c->ed81cc9;src/java/org/apache/commons/daemon/support/DaemonLoader.java;Move: /* Check methods */
2011-06-02 16:29:44 +0000->2011-06-02 15:33:05 +0000;d352d2c->ed81cc9;src/java/org/apache/commons/daemon/support/DaemonLoader.java;Move: Class[] myclass = new Class[1];
2011-06-02 16:29:44 +0000->2011-06-02 15:33:05 +0000;d352d2c->ed81cc9;src/java/org/apache/commons/daemon/support/DaemonLoader.java;Move: isdaemon
2011-06-02 16:29:44 +0000->2011-06-02 15:33:05 +0000;d352d2c->ed81cc9;src/java/org/apache/commons/daemon/support/DaemonLoader.java;Move: init = c.getMethod("init", myclass);
2011-06-02 16:29:44 +0000->2011-06-02 15:33:05 +0000;d352d2c->ed81cc9;src/java/org/apache/commons/daemon/support/DaemonLoader.java;Move: myclass = null;
2011-06-02 16:29:44 +0000->2011-06-02 15:33:05 +0000;d352d2c->ed81cc9;src/java/org/apache/commons/daemon/support/DaemonLoader.java;Move: start = c.getMethod("start", myclass);
2011-06-02 16:29:44 +0000->2011-06-02 15:33:05 +0000;d352d2c->ed81cc9;src/java/org/apache/commons/daemon/support/DaemonLoader.java;Move: stop = c.getMethod("stop", myclass);
2011-06-02 16:29:44 +0000->2011-06-02 15:33:05 +0000;d352d2c->ed81cc9;src/java/org/apache/commons/daemon/support/DaemonLoader.java;Move: destroy = c.getMethod("destroy", myclass);
2011-06-02 16:29:44 +0000->2011-06-02 15:33:05 +0000;d352d2c->ed81cc9;src/java/org/apache/commons/daemon/support/DaemonLoader.java;Move: /* Create a new instance of the daemon */
2011-06-02 16:29:44 +0000->2011-06-02 15:33:05 +0000;d352d2c->ed81cc9;src/java/org/apache/commons/daemon/support/DaemonLoader.java;Move: daemon = c.newInstance();
2011-06-02 16:29:44 +0000->2011-06-02 15:33:05 +0000;d352d2c->ed81cc9;src/java/org/apache/commons/daemon/support/DaemonLoader.java;Move: isdaemon
2011-06-02 16:29:44 +0000->2011-06-02 15:33:05 +0000;d352d2c->ed81cc9;src/java/org/apache/commons/daemon/support/DaemonLoader.java;Move: InvocationTargetException
2011-06-02 16:29:44 +0000->2011-06-02 15:33:05 +0000;d352d2c->ed81cc9;src/java/org/apache/commons/daemon/support/DaemonLoader.java;Move: Throwable
2011-06-02 16:29:44 +0000->2011-06-02 15:33:05 +0000;d352d2c->ed81cc9;src/java/org/apache/commons/daemon/support/DaemonLoader.java;Delete: org.apache.commons.daemon.support.DaemonLoader.signal()
2011-06-02 16:29:44 +0000->2011-06-02 15:33:05 +0000;d352d2c->ed81cc9;src/java/org/apache/commons/daemon/support/DaemonLoader.java;Delete: org.apache.commons.daemon.support.DaemonLoader.signal : Method
2011-06-02 16:29:44 +0000->2011-06-02 15:33:05 +0000;d352d2c->ed81cc9;src/test/org/apache/commons/daemon/SimpleDaemon.java;Delete: DaemonUserSignal
2011-06-02 16:29:44 +0000->2011-06-02 15:33:05 +0000;d352d2c->ed81cc9;src/test/org/apache/commons/daemon/SimpleDaemon.java;Delete: out.println("    5) Soft reload");
2011-06-02 16:29:44 +0000->2011-06-02 15:33:05 +0000;d352d2c->ed81cc9;src/test/org/apache/commons/daemon/SimpleDaemon.java;Delete: '5'
2011-06-02 16:29:44 +0000->2011-06-02 15:33:05 +0000;d352d2c->ed81cc9;src/test/org/apache/commons/daemon/SimpleDaemon.java;Delete: out.println("Reloading configuration...");
2011-06-02 16:29:44 +0000->2011-06-02 15:33:05 +0000;d352d2c->ed81cc9;src/test/org/apache/commons/daemon/SimpleDaemon.java;Delete: this.parent.signal();
2011-06-02 16:29:44 +0000->2011-06-02 15:33:05 +0000;d352d2c->ed81cc9;src/test/org/apache/commons/daemon/SimpleDaemon.java;Delete: 
2011-06-02 16:29:44 +0000->2011-06-02 15:33:05 +0000;d352d2c->ed81cc9;src/test/org/apache/commons/daemon/SimpleDaemon.java;Move: 
2011-06-02 16:29:44 +0000->2011-06-02 15:33:05 +0000;d352d2c->ed81cc9;src/test/org/apache/commons/daemon/SimpleDaemon.java;Update: out.print("Your choice: ");
2011-06-02 16:29:44 +0000->2011-06-02 15:33:05 +0000;d352d2c->ed81cc9;src/test/org/apache/commons/daemon/SimpleDaemon.java;Delete: checkForReload();
2011-06-02 16:29:44 +0000->2011-06-02 15:33:05 +0000;d352d2c->ed81cc9;src/test/org/apache/commons/daemon/SimpleDaemon.java;Delete: checkForReload();
2011-06-02 16:29:44 +0000->2011-06-02 15:33:05 +0000;d352d2c->ed81cc9;src/test/org/apache/commons/daemon/SimpleDaemon.java;Delete: org.apache.commons.daemon.SimpleDaemon.signal()
2011-06-02 16:29:44 +0000->2011-06-02 15:33:05 +0000;d352d2c->ed81cc9;src/test/org/apache/commons/daemon/SimpleDaemon.java;Delete: org.apache.commons.daemon.SimpleDaemon.checkForReload()
2011-06-02 16:29:44 +0000->2011-06-02 15:33:05 +0000;d352d2c->ed81cc9;src/test/org/apache/commons/daemon/SimpleDaemon.java;Delete: org.apache.commons.daemon.SimpleDaemon.softReloadSignalled : boolean
2010-10-20 05:21:16 +0000->2010-10-19 22:39:58 +0000;78f04f7->616b900;src/samples/AloneService.java;Delete: prop.load(new FileInputStream("startfile"));
2010-10-20 05:21:16 +0000->2010-10-19 22:39:58 +0000;78f04f7->616b900;src/samples/AloneService.java;Delete: Exception
2010-10-20 05:21:16 +0000->2010-10-19 22:39:58 +0000;78f04f7->616b900;src/samples/AloneService.java;Delete: 
2010-10-20 05:21:16 +0000->2010-10-19 22:39:58 +0000;78f04f7->616b900;src/samples/AloneService.java;Delete: // Cannot find startfile.properties.\n            // XXX: Should we print something?
2010-10-20 05:21:16 +0000->2010-10-19 22:39:58 +0000;78f04f7->616b900;src/samples/AloneService.java;Update: prop = new Properties();
2010-10-20 05:21:16 +0000->2010-10-19 22:39:58 +0000;78f04f7->616b900;src/samples/AloneService.java;Update: e.hasMoreElements()
2010-10-20 05:21:16 +0000->2010-10-19 22:39:58 +0000;78f04f7->616b900;src/samples/AloneService.java;Update: e.nextElement();
2010-10-20 05:21:16 +0000->2010-10-19 22:39:58 +0000;78f04f7->616b900;src/samples/AloneService.java;Update: Enumeration e = prop.keys();
2010-10-20 05:21:16 +0000->2010-10-19 22:39:58 +0000;78f04f7->616b900;src/samples/AloneService.java;Update: e.hasMoreElements()
2010-10-20 05:21:16 +0000->2010-10-19 22:39:58 +0000;78f04f7->616b900;src/samples/AloneService.java;Update: String name = (String) e.nextElement();
2010-10-20 05:21:16 +0000->2010-10-19 22:39:58 +0000;78f04f7->616b900;src/samples/AloneService.java;Update: System.err.println(((("ServiceDaemon: starting: " + name) + " : ") + prop.getProperty(name)));
2010-10-20 05:21:16 +0000->2010-10-19 22:39:58 +0000;78f04f7->616b900;src/samples/AloneService.java;Update: Enumeration e = prop.keys();
2010-10-20 05:21:16 +0000->2010-10-19 22:39:58 +0000;78f04f7->616b900;src/samples/AloneService.java;Update: proc[i] = Runtime.getRuntime().exec(prop.getProperty(name));
2010-10-20 05:21:16 +0000->2010-10-19 22:39:58 +0000;78f04f7->616b900;src/samples/AloneService.java;Update: Properties
2010-10-20 05:21:16 +0000->2010-10-19 22:39:58 +0000;78f04f7->616b900;src/samples/ServiceDaemon.java;Delete: prop.load(new FileInputStream("startfile"));
2010-10-20 05:21:16 +0000->2010-10-19 22:39:58 +0000;78f04f7->616b900;src/samples/ServiceDaemon.java;Delete: Exception
2010-10-20 05:21:16 +0000->2010-10-19 22:39:58 +0000;78f04f7->616b900;src/samples/ServiceDaemon.java;Delete: 
2010-10-20 05:21:16 +0000->2010-10-19 22:39:58 +0000;78f04f7->616b900;src/samples/ServiceDaemon.java;Delete: // Cannot find startfile.properties.\n            // XXX: Should we print something?
2010-10-20 05:21:16 +0000->2010-10-19 22:39:58 +0000;78f04f7->616b900;src/samples/ServiceDaemon.java;Update: prop = new Properties();
2010-10-20 05:21:16 +0000->2010-10-19 22:39:58 +0000;78f04f7->616b900;src/samples/ServiceDaemon.java;Update: e.hasMoreElements()
2010-10-20 05:21:16 +0000->2010-10-19 22:39:58 +0000;78f04f7->616b900;src/samples/ServiceDaemon.java;Update: e.nextElement();
2010-10-20 05:21:16 +0000->2010-10-19 22:39:58 +0000;78f04f7->616b900;src/samples/ServiceDaemon.java;Update: Enumeration e = prop.keys();
2010-10-20 05:21:16 +0000->2010-10-19 22:39:58 +0000;78f04f7->616b900;src/samples/ServiceDaemon.java;Update: e.hasMoreElements()
2010-10-20 05:21:16 +0000->2010-10-19 22:39:58 +0000;78f04f7->616b900;src/samples/ServiceDaemon.java;Update: String name = (String) e.nextElement();
2010-10-20 05:21:16 +0000->2010-10-19 22:39:58 +0000;78f04f7->616b900;src/samples/ServiceDaemon.java;Update: System.err.println(((("ServiceDaemon: starting: " + name) + " : ") + prop.getProperty(name)));
2010-10-20 05:21:16 +0000->2010-10-19 22:39:58 +0000;78f04f7->616b900;src/samples/ServiceDaemon.java;Update: Enumeration e = prop.keys();
2010-10-20 05:21:16 +0000->2010-10-19 22:39:58 +0000;78f04f7->616b900;src/samples/ServiceDaemon.java;Update: proc[i] = Runtime.getRuntime().exec(prop.getProperty(name));
2010-10-20 05:21:16 +0000->2010-10-19 22:39:58 +0000;78f04f7->616b900;src/samples/ServiceDaemon.java;Update: Properties
2010-10-17 12:29:08 +0000->2010-10-17 12:22:30 +0000;115f859->2c68992;src/samples/SimpleDaemon.java;Insert: NumberFormatException
2010-10-17 12:29:08 +0000->2010-10-17 12:22:30 +0000;115f859->2c68992;src/samples/SimpleDaemon.java;Insert: new DaemonInitException("You must provide a number for port");
2010-10-17 12:29:08 +0000->2010-10-17 12:22:30 +0000;115f859->2c68992;src/samples/SimpleDaemon.java;Delete: new DaemonInitException("parsing port", ex);
2010-10-17 12:29:08 +0000->2010-10-17 12:22:30 +0000;115f859->2c68992;src/samples/SimpleDaemon.java;Delete: NumberFormatException
2010-10-17 12:22:30 +0000->2010-10-17 12:01:57 +0000;2c68992->ef5498a;src/samples/SimpleDaemon.java;Delete: new DaemonInitException("You must provide a number for port");
2010-10-17 12:22:30 +0000->2010-10-17 12:01:57 +0000;2c68992->ef5498a;src/samples/SimpleDaemon.java;Delete: NumberFormatException
2010-10-17 12:22:30 +0000->2010-10-17 12:01:57 +0000;2c68992->ef5498a;src/samples/SimpleDaemon.java;Delete: 
2010-10-17 12:22:30 +0000->2010-10-17 12:01:57 +0000;2c68992->ef5498a;src/samples/SimpleDaemon.java;Move: (a.length > 0)
2010-10-17 12:01:57 +0000->2010-10-17 11:48:41 +0000;ef5498a->6d915af;src/java/org/apache/commons/daemon/support/DaemonLoader.java;Update: Throwable thrown = e.getTargetException();
2010-10-17 11:48:41 +0000->2010-10-17 11:40:21 +0000;6d915af->bc5d824;src/samples/SimpleApplication.java;Delete: Runtime.getRuntime().addShutdownHook(new ShutdownHook(app));
2010-10-17 11:48:41 +0000->2010-10-17 11:40:21 +0000;6d915af->bc5d824;src/samples/SimpleApplication.java;Delete: SimpleApplication.ShutdownHook
2010-10-17 11:40:21 +0000->2010-10-17 11:13:49 +0000;bc5d824->5f4f7a6;src/java/org/apache/commons/daemon/support/DaemonLoader.java;Insert: /* Find the required class */
2010-10-17 11:40:21 +0000->2010-10-17 11:13:49 +0000;bc5d824->5f4f7a6;src/java/org/apache/commons/daemon/support/DaemonLoader.java;Insert: Class c = cl.loadClass(cn);
2010-10-17 11:40:21 +0000->2010-10-17 11:13:49 +0000;bc5d824->5f4f7a6;src/java/org/apache/commons/daemon/support/DaemonLoader.java;Delete: Class c;
2010-10-17 11:40:21 +0000->2010-10-17 11:13:49 +0000;bc5d824->5f4f7a6;src/java/org/apache/commons/daemon/support/DaemonLoader.java;Delete: /* Wrapp the class with DaemonWrapper\n                 * and modify arguments to include the real class name.\n                 */
2010-10-17 11:40:21 +0000->2010-10-17 11:13:49 +0000;bc5d824->5f4f7a6;src/java/org/apache/commons/daemon/support/DaemonLoader.java;Delete: c = DaemonWrapper.class;
2010-10-17 11:40:21 +0000->2010-10-17 11:13:49 +0000;bc5d824->5f4f7a6;src/java/org/apache/commons/daemon/support/DaemonLoader.java;Delete: String[] a = new String[(args.length + 2)];
2010-10-17 11:40:21 +0000->2010-10-17 11:13:49 +0000;bc5d824->5f4f7a6;src/java/org/apache/commons/daemon/support/DaemonLoader.java;Delete: a[0] = "-start";
2010-10-17 11:40:21 +0000->2010-10-17 11:13:49 +0000;bc5d824->5f4f7a6;src/java/org/apache/commons/daemon/support/DaemonLoader.java;Delete: a[1] = className.substring(1);
2010-10-17 11:40:21 +0000->2010-10-17 11:13:49 +0000;bc5d824->5f4f7a6;src/java/org/apache/commons/daemon/support/DaemonLoader.java;Delete: System.arraycopy(args, 0, a, 2, args.length);
2010-10-17 11:40:21 +0000->2010-10-17 11:13:49 +0000;bc5d824->5f4f7a6;src/java/org/apache/commons/daemon/support/DaemonLoader.java;Delete: args = a;
2010-10-17 11:40:21 +0000->2010-10-17 11:13:49 +0000;bc5d824->5f4f7a6;src/java/org/apache/commons/daemon/support/DaemonLoader.java;Delete: c = cl.loadClass(className);
2010-10-17 11:40:21 +0000->2010-10-17 11:13:49 +0000;bc5d824->5f4f7a6;src/java/org/apache/commons/daemon/support/DaemonLoader.java;Delete: (className.charAt(0) == '@')
2010-10-17 11:40:21 +0000->2010-10-17 11:13:49 +0000;bc5d824->5f4f7a6;src/java/org/apache/commons/daemon/support/DaemonLoader.java;Delete: (className.charAt(0) == '@')
2010-10-17 11:40:21 +0000->2010-10-17 11:13:49 +0000;bc5d824->5f4f7a6;src/java/org/apache/commons/daemon/support/DaemonLoader.java;Update: (args == null)
2010-10-17 11:40:21 +0000->2010-10-17 11:13:49 +0000;bc5d824->5f4f7a6;src/java/org/apache/commons/daemon/support/DaemonLoader.java;Update: (className == null)
2010-10-17 11:40:21 +0000->2010-10-17 11:13:49 +0000;bc5d824->5f4f7a6;src/java/org/apache/commons/daemon/support/DaemonLoader.java;Update: /* Check interfaces */
2010-10-17 11:40:21 +0000->2010-10-17 11:13:49 +0000;bc5d824->5f4f7a6;src/java/org/apache/commons/daemon/support/DaemonLoader.java;Update: args = new String[0];
2010-10-17 11:40:21 +0000->2010-10-17 11:13:49 +0000;bc5d824->5f4f7a6;src/java/org/apache/commons/daemon/support/DaemonLoader.java;Update: new ClassNotFoundException(className);
2010-10-17 11:40:21 +0000->2010-10-17 11:13:49 +0000;bc5d824->5f4f7a6;src/java/org/apache/commons/daemon/support/DaemonLoader.java;Update: myclass[0] = args.getClass();
2010-10-17 11:40:21 +0000->2010-10-17 11:13:49 +0000;bc5d824->5f4f7a6;src/java/org/apache/commons/daemon/support/DaemonLoader.java;Update: context.setArguments(args);
2010-10-17 11:40:21 +0000->2010-10-17 11:13:49 +0000;bc5d824->5f4f7a6;src/java/org/apache/commons/daemon/support/DaemonLoader.java;Update: arg[0] = args;
2010-10-17 11:40:21 +0000->2010-10-17 11:13:49 +0000;bc5d824->5f4f7a6;src/java/org/apache/commons/daemon/support/DaemonLoader.java;Insert: cn
2010-10-17 11:40:21 +0000->2010-10-17 11:13:49 +0000;bc5d824->5f4f7a6;src/java/org/apache/commons/daemon/support/DaemonLoader.java;Delete: className
2010-10-17 11:40:21 +0000->2010-10-17 11:13:49 +0000;bc5d824->5f4f7a6;src/java/org/apache/commons/daemon/support/DaemonLoader.java;Update: args
2010-10-17 11:06:15 +0000->2010-10-17 10:32:51 +0000;dafda28->5b00575;src/java/org/apache/commons/daemon/support/DaemonLoader.java;Delete: System.err.println((("commons daemon version \"" + System.getProperty("commons.daemon.version")) + "\""));
2010-10-17 11:06:15 +0000->2010-10-17 10:32:51 +0000;dafda28->5b00575;src/java/org/apache/commons/daemon/support/DaemonLoader.java;Delete: System.err.println((((("commons daemon process (id: " + System.getProperty("commons.daemon.process.id")) + ", parent: ") + System.getProperty("commons.daemon.process.parent")) + ")"));
2010-10-17 10:32:51 +0000->2010-10-16 15:43:32 +0000;5b00575->d0abf31;src/samples/SimpleApplication.java;Insert: 
2010-10-17 10:32:51 +0000->2010-10-16 15:43:32 +0000;5b00575->d0abf31;src/samples/SimpleApplication.java;Insert: out = new PrintStream(os, true, "US-ASCII");
2010-10-17 10:32:51 +0000->2010-10-16 15:43:32 +0000;5b00575->d0abf31;src/samples/SimpleApplication.java;Insert: UnsupportedEncodingException
2010-10-17 10:32:51 +0000->2010-10-16 15:43:32 +0000;5b00575->d0abf31;src/samples/SimpleApplication.java;Delete: //            }
2010-10-17 10:32:51 +0000->2010-10-16 15:43:32 +0000;5b00575->d0abf31;src/samples/SimpleApplication.java;Move: 
2010-10-17 10:32:51 +0000->2010-10-16 15:43:32 +0000;5b00575->d0abf31;src/samples/SimpleApplication.java;Move: out = new PrintStream(os, true);
2010-10-17 10:32:51 +0000->2010-10-16 15:43:32 +0000;5b00575->d0abf31;src/samples/SimpleApplication.java;Move: /* If we don't have data in the System InputStream, we want\n                       to ask to the user for an option. */
2010-10-17 10:32:51 +0000->2010-10-16 15:43:32 +0000;5b00575->d0abf31;src/samples/SimpleApplication.java;Move: (in.available() == 0)
2010-10-17 10:32:51 +0000->2010-10-16 15:43:32 +0000;5b00575->d0abf31;src/samples/SimpleApplication.java;Move: /* Read an option from the client */
2010-10-17 10:32:51 +0000->2010-10-16 15:43:32 +0000;5b00575->d0abf31;src/samples/SimpleApplication.java;Move: int x = in.read();
2010-10-17 10:32:51 +0000->2010-10-16 15:43:32 +0000;5b00575->d0abf31;src/samples/SimpleApplication.java;Move: x
2010-10-17 10:32:51 +0000->2010-10-16 15:43:32 +0000;5b00575->d0abf31;src/samples/SimpleApplication.java;Move: 
2010-10-17 10:32:51 +0000->2010-10-16 15:43:32 +0000;5b00575->d0abf31;src/samples/SimpleApplication.java;Move: 
2010-10-17 10:32:51 +0000->2010-10-16 15:43:32 +0000;5b00575->d0abf31;src/samples/SimpleDaemon.java;Insert: 
2010-10-17 10:32:51 +0000->2010-10-16 15:43:32 +0000;5b00575->d0abf31;src/samples/SimpleDaemon.java;Insert: out = new PrintStream(os, true, "US-ASCII");
2010-10-17 10:32:51 +0000->2010-10-16 15:43:32 +0000;5b00575->d0abf31;src/samples/SimpleDaemon.java;Insert: UnsupportedEncodingException
2010-10-17 10:32:51 +0000->2010-10-16 15:43:32 +0000;5b00575->d0abf31;src/samples/SimpleDaemon.java;Delete: //            }
2010-10-17 10:32:51 +0000->2010-10-16 15:43:32 +0000;5b00575->d0abf31;src/samples/SimpleDaemon.java;Move: 
2010-10-17 10:32:51 +0000->2010-10-16 15:43:32 +0000;5b00575->d0abf31;src/samples/SimpleDaemon.java;Move: out = new PrintStream(os, true);
2010-10-17 10:32:51 +0000->2010-10-16 15:43:32 +0000;5b00575->d0abf31;src/samples/SimpleDaemon.java;Move: /* If we don't have data in the System InputStream, we want\n                       to ask to the user for an option. */
2010-10-17 10:32:51 +0000->2010-10-16 15:43:32 +0000;5b00575->d0abf31;src/samples/SimpleDaemon.java;Move: (in.available() == 0)
2010-10-17 10:32:51 +0000->2010-10-16 15:43:32 +0000;5b00575->d0abf31;src/samples/SimpleDaemon.java;Move: /* Read an option from the client */
2010-10-17 10:32:51 +0000->2010-10-16 15:43:32 +0000;5b00575->d0abf31;src/samples/SimpleDaemon.java;Move: int x = in.read();
2010-10-17 10:32:51 +0000->2010-10-16 15:43:32 +0000;5b00575->d0abf31;src/samples/SimpleDaemon.java;Move: x
2010-10-17 10:32:51 +0000->2010-10-16 15:43:32 +0000;5b00575->d0abf31;src/samples/SimpleDaemon.java;Move: 
2010-10-17 10:32:51 +0000->2010-10-16 15:43:32 +0000;5b00575->d0abf31;src/samples/SimpleDaemon.java;Move: 
2010-10-17 10:32:51 +0000->2010-10-16 15:43:32 +0000;5b00575->d0abf31;src/samples/SimpleDaemon.java;Move: 
2010-10-16 15:43:32 +0000->2010-10-16 15:38:46 +0000;d0abf31->d860256;src/samples/ProcrunService.java;Insert: Map em = System.getenv();
2010-10-16 15:43:32 +0000->2010-10-16 15:38:46 +0000;d0abf31->d860256;src/samples/ProcrunService.java;Insert: TreeSet es = new TreeSet(em.keySet());
2010-10-16 15:43:32 +0000->2010-10-16 15:38:46 +0000;d0abf31->d860256;src/samples/ProcrunService.java;Insert: i.hasNext()
2010-10-16 15:43:32 +0000->2010-10-16 15:38:46 +0000;d0abf31->d860256;src/samples/ProcrunService.java;Insert: log("Network interfaces: ");
2010-10-16 15:43:32 +0000->2010-10-16 15:38:46 +0000;d0abf31->d860256;src/samples/ProcrunService.java;Insert: log("LVPMU (L)oopback (V)irtual (P)ointToPoint (M)multicastSupport (U)p");
2010-10-16 15:43:32 +0000->2010-10-16 15:38:46 +0000;d0abf31->d860256;src/samples/ProcrunService.java;Insert: 
2010-10-16 15:43:32 +0000->2010-10-16 15:38:46 +0000;d0abf31->d860256;src/samples/ProcrunService.java;Insert: log(((n + " ->  ") + em.get(n)));
2010-10-16 15:43:32 +0000->2010-10-16 15:38:46 +0000;d0abf31->d860256;src/samples/ProcrunService.java;Insert: String n = (String) i.next();
2010-10-16 15:43:32 +0000->2010-10-16 15:38:46 +0000;d0abf31->d860256;src/samples/ProcrunService.java;Insert: Iterator i = es.iterator();
2010-10-16 15:43:32 +0000->2010-10-16 15:38:46 +0000;d0abf31->d860256;src/samples/ProcrunService.java;Insert: e.hasMoreElements()
2010-10-16 15:43:32 +0000->2010-10-16 15:38:46 +0000;d0abf31->d860256;src/samples/ProcrunService.java;Insert: SocketException
2010-10-16 15:43:32 +0000->2010-10-16 15:38:46 +0000;d0abf31->d860256;src/samples/ProcrunService.java;Insert: NetworkInterface n = (NetworkInterface) e.nextElement();
2010-10-16 15:43:32 +0000->2010-10-16 15:38:46 +0000;d0abf31->d860256;src/samples/ProcrunService.java;Insert: char[] flags = {'-', '-', '-', '-', '-'};
2010-10-16 15:43:32 +0000->2010-10-16 15:38:46 +0000;d0abf31->d860256;src/samples/ProcrunService.java;Insert: n.isLoopback()
2010-10-16 15:43:32 +0000->2010-10-16 15:38:46 +0000;d0abf31->d860256;src/samples/ProcrunService.java;Insert: n.isVirtual()
2010-10-16 15:43:32 +0000->2010-10-16 15:38:46 +0000;d0abf31->d860256;src/samples/ProcrunService.java;Insert: n.isPointToPoint()
2010-10-16 15:43:32 +0000->2010-10-16 15:38:46 +0000;d0abf31->d860256;src/samples/ProcrunService.java;Insert: n.supportsMulticast()
2010-10-16 15:43:32 +0000->2010-10-16 15:38:46 +0000;d0abf31->d860256;src/samples/ProcrunService.java;Insert: n.isUp()
2010-10-16 15:43:32 +0000->2010-10-16 15:38:46 +0000;d0abf31->d860256;src/samples/ProcrunService.java;Insert: String neti = (((new String(flags) + "   ") + n.getName()) + "\t");
2010-10-16 15:43:32 +0000->2010-10-16 15:38:46 +0000;d0abf31->d860256;src/samples/ProcrunService.java;Insert: i.hasMoreElements()
2010-10-16 15:43:32 +0000->2010-10-16 15:38:46 +0000;d0abf31->d860256;src/samples/ProcrunService.java;Insert: log(((neti + " -> ") + n.getDisplayName()));
2010-10-16 15:43:32 +0000->2010-10-16 15:38:46 +0000;d0abf31->d860256;src/samples/ProcrunService.java;Insert: List i = n.getInterfaceAddresses();
2010-10-16 15:43:32 +0000->2010-10-16 15:38:46 +0000;d0abf31->d860256;src/samples/ProcrunService.java;Insert: (! i.isEmpty())
2010-10-16 15:43:32 +0000->2010-10-16 15:38:46 +0000;d0abf31->d860256;src/samples/ProcrunService.java;Insert: NetworkInterface s = (NetworkInterface) i.nextElement();
2010-10-16 15:43:32 +0000->2010-10-16 15:38:46 +0000;d0abf31->d860256;src/samples/ProcrunService.java;Insert: neti += ((" [" + s.getName()) + "]");
2010-10-16 15:43:32 +0000->2010-10-16 15:38:46 +0000;d0abf31->d860256;src/samples/ProcrunService.java;Insert: Enumeration e = NetworkInterface.getNetworkInterfaces();
2010-10-16 15:43:32 +0000->2010-10-16 15:38:46 +0000;d0abf31->d860256;src/samples/ProcrunService.java;Insert: flags[0] = 'x';
2010-10-16 15:43:32 +0000->2010-10-16 15:38:46 +0000;d0abf31->d860256;src/samples/ProcrunService.java;Insert: flags[1] = 'x';
2010-10-16 15:43:32 +0000->2010-10-16 15:38:46 +0000;d0abf31->d860256;src/samples/ProcrunService.java;Insert: flags[2] = 'x';
2010-10-16 15:43:32 +0000->2010-10-16 15:38:46 +0000;d0abf31->d860256;src/samples/ProcrunService.java;Insert: flags[3] = 'x';
2010-10-16 15:43:32 +0000->2010-10-16 15:38:46 +0000;d0abf31->d860256;src/samples/ProcrunService.java;Insert: flags[4] = 'x';
2010-10-16 15:43:32 +0000->2010-10-16 15:38:46 +0000;d0abf31->d860256;src/samples/ProcrunService.java;Insert: Enumeration i = n.getSubInterfaces();
2010-10-16 15:43:32 +0000->2010-10-16 15:38:46 +0000;d0abf31->d860256;src/samples/ProcrunService.java;Insert: (x < i.size())
2010-10-16 15:43:32 +0000->2010-10-16 15:38:46 +0000;d0abf31->d860256;src/samples/ProcrunService.java;Insert: InterfaceAddress a = (InterfaceAddress) i.get(x);
2010-10-16 15:43:32 +0000->2010-10-16 15:38:46 +0000;d0abf31->d860256;src/samples/ProcrunService.java;Insert: log(("        " + a.toString()));
2010-10-16 15:43:32 +0000->2010-10-16 15:38:46 +0000;d0abf31->d860256;src/samples/ProcrunService.java;Insert: int x = 0;
2010-10-16 15:43:32 +0000->2010-10-16 15:38:46 +0000;d0abf31->d860256;src/samples/ProcrunService.java;Insert: x ++;
2010-10-16 15:43:32 +0000->2010-10-16 15:38:46 +0000;d0abf31->d860256;src/samples/ProcrunService.java;Move: String n = (String) i.next();
2010-10-16 15:38:46 +0000->2010-10-16 15:28:19 +0000;d860256->5e0e57d;src/samples/SimpleApplication.java;Update: out = new PrintStream(os, true);
2010-10-16 15:38:46 +0000->2010-10-16 15:28:19 +0000;d860256->5e0e57d;src/samples/SimpleDaemon.java;Update: out = new PrintStream(os, true);
2010-10-16 15:28:19 +0000->2010-10-16 15:20:51 +0000;5e0e57d->6aae251;src/java/org/apache/commons/daemon/DaemonInitException.java;Delete: final
2010-10-16 15:28:19 +0000->2010-10-16 15:20:51 +0000;5e0e57d->6aae251;src/java/org/apache/commons/daemon/DaemonInitException.java;Delete: this.cause = null;
2010-10-16 15:18:15 +0000->2010-10-16 14:58:39 +0000;6121361->5534153;src/samples/AloneService.java;Update: System.setErr(new PrintStream(new FileOutputStream("/ServiceDaemon.err", true)));
2010-10-16 14:58:39 +0000->2010-10-16 14:48:00 +0000;5534153->ca74463;src/java/org/apache/commons/daemon/Daemon.java;Update: /**\n     * Initialize this <code>Daemon</code> instance.\n     * <p>\n     *   This method gets called once the JVM process is created and the\n     *   <code>Daemon</code> instance is created thru its empty public\n     *   constructor.\n     * </p>\n     * <p>\n     *   Under certain operating systems (typically Unix based operating\n     *   systems) and if the native invocation framework is configured to do\n     *   so, this method might be called with <i>super-user</i> privileges.\n     * </p>\n     * <p>\n     *   For example, it might be wise to create <code>ServerSocket</code>\n     *   instances within the scope of this method, and perform all operations\n     *   requiring <i>super-user</i> privileges in the underlying operating\n     *   system.\n     * </p>\n     * <p>\n     *   Apart from set up and allocation of native resources, this method\n     *   must not start the actual operation of the <code>Daemon</code> (such\n     *   as starting threads calling the <code>ServerSocket.accept()</code>\n     *   method) as this would impose some serious security hazards. The\n     *   start of operation must be performed in the <code>start()</code>\n     *   method.\n     * </p>\n     *\n     * @param context A <code>DaemonContext</code> object used to\n     * communicate with the container.\n     * @exception DaemonInitException An exception that prevented \n     * initialization where you want to display a nice message to the user,\n     * rather than a stack trace.\n     * @exception Exception Any exception preventing a successful\n     *                      initialization.\n     */
2010-10-16 14:58:39 +0000->2010-10-16 14:48:00 +0000;5534153->ca74463;src/java/org/apache/commons/daemon/support/DaemonLoader.java;Delete: Throwable thrown = e.getCause();
2010-10-16 14:58:39 +0000->2010-10-16 14:48:00 +0000;5534153->ca74463;src/java/org/apache/commons/daemon/support/DaemonLoader.java;Delete: /* DaemonInitExceptions can fail with a nicer message */
2010-10-16 14:58:39 +0000->2010-10-16 14:48:00 +0000;5534153->ca74463;src/java/org/apache/commons/daemon/support/DaemonLoader.java;Delete: failed((DaemonInitException) thrown.getMessageWithCause());
2010-10-16 14:58:39 +0000->2010-10-16 14:48:00 +0000;5534153->ca74463;src/java/org/apache/commons/daemon/support/DaemonLoader.java;Delete: thrown.printStackTrace(System.err);
2010-10-16 14:58:39 +0000->2010-10-16 14:48:00 +0000;5534153->ca74463;src/java/org/apache/commons/daemon/support/DaemonLoader.java;Delete: (thrown instanceof DaemonInitException)
2010-10-16 14:58:39 +0000->2010-10-16 14:48:00 +0000;5534153->ca74463;src/java/org/apache/commons/daemon/support/DaemonLoader.java;Delete: (thrown instanceof DaemonInitException)
2010-10-16 14:58:39 +0000->2010-10-16 14:48:00 +0000;5534153->ca74463;src/java/org/apache/commons/daemon/support/DaemonLoader.java;Delete: InvocationTargetException
2010-10-16 14:58:39 +0000->2010-10-16 14:48:00 +0000;5534153->ca74463;src/java/org/apache/commons/daemon/support/DaemonLoader.java;Delete: false;
2010-10-16 14:58:39 +0000->2010-10-16 14:48:00 +0000;5534153->ca74463;src/java/org/apache/commons/daemon/support/DaemonLoader.java;Move: false;
2010-10-16 14:58:39 +0000->2010-10-16 14:48:00 +0000;5534153->ca74463;src/java/org/apache/commons/daemon/support/DaemonLoader.java;Insert: (! this.isAvailable())
2010-10-16 14:58:39 +0000->2010-10-16 14:48:00 +0000;5534153->ca74463;src/java/org/apache/commons/daemon/support/DaemonLoader.java;Insert: (! this.isAvailable())
2010-10-16 14:58:39 +0000->2010-10-16 14:48:00 +0000;5534153->ca74463;src/java/org/apache/commons/daemon/support/DaemonLoader.java;Insert: new IllegalStateException();
2010-10-16 14:58:39 +0000->2010-10-16 14:48:00 +0000;5534153->ca74463;src/java/org/apache/commons/daemon/support/DaemonLoader.java;Move: this.setAvailable(false);
2010-10-16 14:58:39 +0000->2010-10-16 14:48:00 +0000;5534153->ca74463;src/java/org/apache/commons/daemon/support/DaemonLoader.java;Move: String msg = message;
2010-10-16 14:58:39 +0000->2010-10-16 14:48:00 +0000;5534153->ca74463;src/java/org/apache/commons/daemon/support/DaemonLoader.java;Move: (exception != null)
2010-10-16 14:58:39 +0000->2010-10-16 14:48:00 +0000;5534153->ca74463;src/java/org/apache/commons/daemon/support/DaemonLoader.java;Move: DaemonLoader.failed(msg);
2010-10-16 14:35:46 +0000->2010-10-16 14:14:21 +0000;56bb781->067b81c;src/java/org/apache/commons/daemon/Main.java;Update: this.args = (String[]) aa.toArray(new String[aa.size()]);
2010-10-16 14:35:46 +0000->2010-10-16 14:14:21 +0000;56bb781->067b81c;src/java/org/apache/commons/daemon/support/DaemonConfiguration.java;Update: (String[]) list.toArray(new String[list.size()]);
2010-10-16 14:14:21 +0000->2010-10-16 13:08:31 +0000;067b81c->9b808f0;src/java/org/apache/commons/daemon/Main.java;Delete: System.arraycopy(args, i, copy, 0, copy.length);
2010-10-16 14:14:21 +0000->2010-10-16 13:08:31 +0000;067b81c->9b808f0;src/java/org/apache/commons/daemon/Main.java;Delete: (args.length > i)
2010-10-16 14:14:21 +0000->2010-10-16 13:08:31 +0000;067b81c->9b808f0;src/java/org/apache/commons/daemon/Main.java;Move: String[] copy = new String[(args.length - i)];
2010-10-16 14:14:21 +0000->2010-10-16 13:08:31 +0000;067b81c->9b808f0;src/java/org/apache/commons/daemon/Main.java;Move: startup.addArguments(copy);
2010-10-16 14:14:21 +0000->2010-10-16 13:08:31 +0000;067b81c->9b808f0;src/java/org/apache/commons/daemon/Main.java;Update: args[i].equals("-start-method")
2010-10-16 12:07:22 +0000->2010-10-16 12:04:16 +0000;5a81e60->901675c;src/java/org/apache/commons/daemon/Main.java;Delete: final
2010-10-16 12:07:22 +0000->2010-10-16 12:04:16 +0000;5a81e60->901675c;src/java/org/apache/commons/daemon/Main.java;Delete: final
2010-10-16 12:07:22 +0000->2010-10-16 12:04:16 +0000;5a81e60->901675c;src/java/org/apache/commons/daemon/Main.java;Delete: final
2010-10-16 12:07:22 +0000->2010-10-16 12:04:16 +0000;5a81e60->901675c;src/java/org/apache/commons/daemon/support/DaemonConfiguration.java;Delete: final
2010-10-16 12:07:22 +0000->2010-10-16 12:04:16 +0000;5a81e60->901675c;src/java/org/apache/commons/daemon/support/DaemonConfiguration.java;Delete: final
2010-10-16 05:11:32 +0000->2010-10-15 20:26:38 +0000;5e8f67f->9538a83;src/java/org/apache/commons/daemon/Main.java;Insert: (name == null)
2010-10-16 05:11:32 +0000->2010-10-15 20:26:38 +0000;5e8f67f->9538a83;src/java/org/apache/commons/daemon/Main.java;Insert: (name == null)
2010-10-16 05:11:32 +0000->2010-10-15 20:26:38 +0000;5e8f67f->9538a83;src/java/org/apache/commons/daemon/Main.java;Insert: new NullPointerException("Null class name specified");
2010-10-16 05:11:32 +0000->2010-10-15 20:26:38 +0000;5e8f67f->9538a83;src/java/org/apache/commons/daemon/Main.java;Insert: name.equals("System.exit")
2010-10-16 05:11:32 +0000->2010-10-15 20:26:38 +0000;5e8f67f->9538a83;src/java/org/apache/commons/daemon/Main.java;Delete: name = "System";
2010-10-16 05:11:32 +0000->2010-10-15 20:26:38 +0000;5e8f67f->9538a83;src/java/org/apache/commons/daemon/Main.java;Delete: call = "exit";
2010-10-16 05:11:32 +0000->2010-10-15 20:26:38 +0000;5e8f67f->9538a83;src/java/org/apache/commons/daemon/Main.java;Delete: (name == null)
2010-10-16 05:11:32 +0000->2010-10-15 20:26:38 +0000;5e8f67f->9538a83;src/java/org/apache/commons/daemon/Main.java;Move: 
2010-10-16 05:11:32 +0000->2010-10-15 20:26:38 +0000;5e8f67f->9538a83;src/java/org/apache/commons/daemon/Main.java;Update: (call == null)
2010-10-16 05:11:32 +0000->2010-10-15 20:26:38 +0000;5e8f67f->9538a83;src/java/org/apache/commons/daemon/Main.java;Update: main = cl.loadClass(name);
2010-10-16 05:11:32 +0000->2010-10-15 20:26:38 +0000;5e8f67f->9538a83;src/java/org/apache/commons/daemon/Main.java;Update: (main == null)
2010-10-16 05:11:32 +0000->2010-10-15 20:26:38 +0000;5e8f67f->9538a83;src/java/org/apache/commons/daemon/Main.java;Update: inst = main.getMethod(call, ca);
2010-10-16 05:11:32 +0000->2010-10-15 20:26:38 +0000;5e8f67f->9538a83;src/java/org/apache/commons/daemon/Main.java;Update: call = "main";
2010-10-16 05:11:32 +0000->2010-10-15 20:26:38 +0000;5e8f67f->9538a83;src/java/org/apache/commons/daemon/Main.java;Delete: (this.call == null)
2010-10-16 05:11:32 +0000->2010-10-15 20:26:38 +0000;5e8f67f->9538a83;src/java/org/apache/commons/daemon/Main.java;Move: this.call = name;
2010-10-16 05:11:32 +0000->2010-10-15 20:26:38 +0000;5e8f67f->9538a83;src/java/org/apache/commons/daemon/Main.java;Update: this.call = name;
2010-10-16 05:11:32 +0000->2010-10-15 20:26:38 +0000;5e8f67f->9538a83;src/java/org/apache/commons/daemon/Main.java;Delete: (this.name == null)
2010-10-16 05:11:32 +0000->2010-10-15 20:26:38 +0000;5e8f67f->9538a83;src/java/org/apache/commons/daemon/Main.java;Move: this.name = name;
2010-10-16 05:11:32 +0000->2010-10-15 20:26:38 +0000;5e8f67f->9538a83;src/java/org/apache/commons/daemon/Main.java;Update: (name.equals("System") && call.equals("exit"))
2010-10-16 05:11:32 +0000->2010-10-15 20:26:38 +0000;5e8f67f->9538a83;src/java/org/apache/commons/daemon/Main.java;Update: Object obj = main.newInstance();
2010-10-16 05:11:32 +0000->2010-10-15 20:26:38 +0000;5e8f67f->9538a83;src/java/org/apache/commons/daemon/Main.java;Insert: org.apache.commons.daemon.Main.Invoker.setArguments(ArrayList)
2010-10-16 05:11:32 +0000->2010-10-15 20:26:38 +0000;5e8f67f->9538a83;src/java/org/apache/commons/daemon/Main.java;Delete: org.apache.commons.daemon.Main.Invoker.addArguments(String[])
2010-10-16 05:11:32 +0000->2010-10-15 20:26:38 +0000;5e8f67f->9538a83;src/java/org/apache/commons/daemon/Main.java;Update: org.apache.commons.daemon.Main.Invoker.call : String
2010-10-16 05:11:32 +0000->2010-10-15 20:26:38 +0000;5e8f67f->9538a83;src/java/org/apache/commons/daemon/Main.java;Update: org.apache.commons.daemon.Main.Invoker.main : Class
2010-10-16 05:11:32 +0000->2010-10-15 20:26:38 +0000;5e8f67f->9538a83;src/java/org/apache/commons/daemon/Main.java;Insert: ArrayList sa = new ArrayList();
2010-10-16 05:11:32 +0000->2010-10-15 20:26:38 +0000;5e8f67f->9538a83;src/java/org/apache/commons/daemon/Main.java;Insert: System.arraycopy(args, i, copy, 0, copy.length);
2010-10-16 05:11:32 +0000->2010-10-15 20:26:38 +0000;5e8f67f->9538a83;src/java/org/apache/commons/daemon/Main.java;Insert: sa.addAll(Arrays.asList(copy));
2010-10-16 05:11:32 +0000->2010-10-15 20:26:38 +0000;5e8f67f->9538a83;src/java/org/apache/commons/daemon/Main.java;Insert: args = config.getPropertyArray(ARGS);
2010-10-16 05:11:32 +0000->2010-10-15 20:26:38 +0000;5e8f67f->9538a83;src/java/org/apache/commons/daemon/Main.java;Insert: (args != null)
2010-10-16 05:11:32 +0000->2010-10-15 20:26:38 +0000;5e8f67f->9538a83;src/java/org/apache/commons/daemon/Main.java;Insert: // Add daemon.args[0] ... daemon.args[n]\n                // To the end of command line arguments
2010-10-16 05:11:32 +0000->2010-10-15 20:26:38 +0000;5e8f67f->9538a83;src/java/org/apache/commons/daemon/Main.java;Insert: sa.addAll(Arrays.asList(args));
2010-10-16 05:11:32 +0000->2010-10-15 20:26:38 +0000;5e8f67f->9538a83;src/java/org/apache/commons/daemon/Main.java;Insert: ArrayList aa = new ArrayList();
2010-10-16 05:11:32 +0000->2010-10-15 20:26:38 +0000;5e8f67f->9538a83;src/java/org/apache/commons/daemon/Main.java;Insert: aa.add(args[i]);
2010-10-16 05:11:32 +0000->2010-10-15 20:26:38 +0000;5e8f67f->9538a83;src/java/org/apache/commons/daemon/Main.java;Delete: String[] aa = new String[1];
2010-10-16 05:11:32 +0000->2010-10-15 20:26:38 +0000;5e8f67f->9538a83;src/java/org/apache/commons/daemon/Main.java;Delete: aa[0] = args[i];
2010-10-16 05:11:32 +0000->2010-10-15 20:26:38 +0000;5e8f67f->9538a83;src/java/org/apache/commons/daemon/Main.java;Delete: // Setup params if not set via cmdline.
2010-10-16 05:11:32 +0000->2010-10-15 20:26:38 +0000;5e8f67f->9538a83;src/java/org/apache/commons/daemon/Main.java;Delete: startup.setClassName(config.getProperty(START_CLASS));
2010-10-16 05:11:32 +0000->2010-10-15 20:26:38 +0000;5e8f67f->9538a83;src/java/org/apache/commons/daemon/Main.java;Delete: startup.setMethodName(config.getProperty(START_METHOD));
2010-10-16 05:11:32 +0000->2010-10-15 20:26:38 +0000;5e8f67f->9538a83;src/java/org/apache/commons/daemon/Main.java;Delete: startup.addArguments(config.getPropertyArray(ARGS));
2010-10-16 05:11:32 +0000->2010-10-15 20:26:38 +0000;5e8f67f->9538a83;src/java/org/apache/commons/daemon/Main.java;Delete: shutdown.setClassName(config.getProperty(STOP_CLASS));
2010-10-16 05:11:32 +0000->2010-10-15 20:26:38 +0000;5e8f67f->9538a83;src/java/org/apache/commons/daemon/Main.java;Delete: shutdown.setMethodName(config.getProperty(STOP_METHOD));
2010-10-16 05:11:32 +0000->2010-10-15 20:26:38 +0000;5e8f67f->9538a83;src/java/org/apache/commons/daemon/Main.java;Delete: shutdown.addArguments(config.getPropertyArray(STOP_ARGS));
2010-10-16 05:11:32 +0000->2010-10-15 20:26:38 +0000;5e8f67f->9538a83;src/java/org/apache/commons/daemon/Main.java;Move: startup.addArguments(copy);
2010-10-16 05:11:32 +0000->2010-10-15 20:26:38 +0000;5e8f67f->9538a83;src/java/org/apache/commons/daemon/Main.java;Update: startup.addArguments(copy);
2010-10-16 05:11:32 +0000->2010-10-15 20:26:38 +0000;5e8f67f->9538a83;src/java/org/apache/commons/daemon/Main.java;Update: shutdown.addArguments(aa);
2010-10-16 05:11:32 +0000->2010-10-15 20:26:38 +0000;5e8f67f->9538a83;src/java/org/apache/commons/daemon/Main.java;Delete: org.apache.commons.daemon.Main.STOP_CLASS : String
2010-10-16 05:11:32 +0000->2010-10-15 20:26:38 +0000;5e8f67f->9538a83;src/java/org/apache/commons/daemon/Main.java;Delete: org.apache.commons.daemon.Main.STOP_ARGS : String
2010-10-16 05:11:32 +0000->2010-10-15 20:26:38 +0000;5e8f67f->9538a83;src/java/org/apache/commons/daemon/Main.java;Delete: org.apache.commons.daemon.Main.START_METHOD : String
2010-10-16 05:11:32 +0000->2010-10-15 20:26:38 +0000;5e8f67f->9538a83;src/java/org/apache/commons/daemon/Main.java;Delete: org.apache.commons.daemon.Main.STOP_METHOD : String
2010-10-16 05:11:32 +0000->2010-10-15 20:26:38 +0000;5e8f67f->9538a83;src/java/org/apache/commons/daemon/Main.java;Delete: org.apache.commons.daemon.Main.START_CLASS : String
2010-10-15 20:08:04 +0000->2010-10-15 19:20:55 +0000;1e09c60->84cf9c0;src/java/org/apache/commons/daemon/Main.java;Delete: 
2010-10-15 20:08:04 +0000->2010-10-15 19:20:55 +0000;1e09c60->84cf9c0;src/java/org/apache/commons/daemon/Main.java;Delete: name.equals("System.exit")
2010-10-15 20:08:04 +0000->2010-10-15 19:20:55 +0000;1e09c60->84cf9c0;src/java/org/apache/commons/daemon/Main.java;Delete: (name == null)
2010-10-15 20:08:04 +0000->2010-10-15 19:20:55 +0000;1e09c60->84cf9c0;src/java/org/apache/commons/daemon/Main.java;Delete: // Just call a System.exit()\n                // The start method was probably installed\n                // a shutdown hook.
2010-10-15 20:08:04 +0000->2010-10-15 19:20:55 +0000;1e09c60->84cf9c0;src/java/org/apache/commons/daemon/Main.java;Delete: System.exit(0);
2010-10-15 20:08:04 +0000->2010-10-15 19:20:55 +0000;1e09c60->84cf9c0;src/java/org/apache/commons/daemon/Main.java;Delete: name.equals("System.exit")
2010-10-15 20:08:04 +0000->2010-10-15 19:20:55 +0000;1e09c60->84cf9c0;src/java/org/apache/commons/daemon/Main.java;Delete: name.equals("System.exit")
2010-10-15 20:08:04 +0000->2010-10-15 19:20:55 +0000;1e09c60->84cf9c0;src/java/org/apache/commons/daemon/Main.java;Move: Object obj = claz.newInstance();
2010-10-15 20:08:04 +0000->2010-10-15 19:20:55 +0000;1e09c60->84cf9c0;src/java/org/apache/commons/daemon/Main.java;Move: Object[] arg = new Object[1];
2010-10-15 20:08:04 +0000->2010-10-15 19:20:55 +0000;1e09c60->84cf9c0;src/java/org/apache/commons/daemon/Main.java;Move: arg[0] = args;
2010-10-15 20:08:04 +0000->2010-10-15 19:20:55 +0000;1e09c60->84cf9c0;src/java/org/apache/commons/daemon/Main.java;Move: inst.invoke(obj, arg);
2010-10-15 19:20:55 +0000->2010-10-15 15:32:40 +0000;84cf9c0->7871824;src/java/org/apache/commons/daemon/support/DaemonConfiguration.java;Update: Arrays.copyOf(list.toArray(), list.size(), String[].class);
2010-09-24 14:22:57 +0000->2010-09-24 13:34:33 +0000;35a1d9b->dba0028;src/samples/ProcrunService.java;Update: String neti = (((new String(flags) + "   ") + n.getName()) + "\t");
2010-09-24 14:22:57 +0000->2010-09-24 13:34:33 +0000;35a1d9b->dba0028;src/samples/ProcrunService.java;Update: log(("        " + a.toString()));
2010-09-24 11:36:51 +0000->2010-09-24 11:28:45 +0000;c023ad9->fe18fad;src/samples/ProcrunService.java;Delete: ClassLoader cl = Thread.currentThread().getContextClassLoader();
2010-09-24 11:36:51 +0000->2010-09-24 11:28:45 +0000;c023ad9->fe18fad;src/samples/ProcrunService.java;Delete: log("Missing currentThread context ClassLoader");
2010-09-24 11:36:51 +0000->2010-09-24 11:28:45 +0000;c023ad9->fe18fad;src/samples/ProcrunService.java;Delete: log(("Using context ClassLoader : " + cl.toString()));
2010-09-24 11:36:51 +0000->2010-09-24 11:28:45 +0000;c023ad9->fe18fad;src/samples/ProcrunService.java;Delete: (cl == null)
2010-09-24 11:36:51 +0000->2010-09-24 11:28:45 +0000;c023ad9->fe18fad;src/samples/ProcrunService.java;Delete: (cl == null)
2010-09-24 11:28:45 +0000->2010-09-22 14:48:37 +0000;fe18fad->2772a97;src/samples/ProcrunService.java;Insert: log(("user.name=" + System.getProperty("user.name")));
2010-09-24 11:28:45 +0000->2010-09-22 14:48:37 +0000;fe18fad->2772a97;src/samples/ProcrunService.java;Insert: log(("user.home=" + System.getProperty("user.home")));
2010-09-24 11:28:45 +0000->2010-09-22 14:48:37 +0000;fe18fad->2772a97;src/samples/ProcrunService.java;Delete: logSystemEnvironment();
2010-09-24 11:28:45 +0000->2010-09-22 14:48:37 +0000;fe18fad->2772a97;src/samples/ProcrunService.java;Delete: ProcrunService.logSystemEnvironment()
2010-05-04 13:48:53 +0000->2010-04-23 19:56:38 +0000;665af8c->08c7628;src/samples/ProcrunService.java;Delete: log(("user.name=" + System.getProperty("user.name")));
2010-05-04 13:48:53 +0000->2010-04-23 19:56:38 +0000;665af8c->08c7628;src/samples/ProcrunService.java;Delete: log(("user.home=" + System.getProperty("user.home")));
2010-04-23 15:54:50 +0000->2010-04-23 15:34:30 +0000;37af4a2->aa797d4;src/java/org/apache/commons/daemon/DaemonPermission.java;Insert: new String(this.desc);
2010-04-23 15:54:50 +0000->2010-04-23 15:34:30 +0000;37af4a2->aa797d4;src/java/org/apache/commons/daemon/DaemonPermission.java;Delete: this.desc;
2010-04-23 14:41:17 +0000->2010-04-23 14:39:11 +0000;23f12b9->d640d80;src/samples/ProcrunService.java;Update: final int argc = args.length;
2010-04-23 14:41:17 +0000->2010-04-23 14:39:11 +0000;23f12b9->d640d80;src/samples/ProcrunService.java;Update: (args.length > argnum)
2010-04-23 14:41:17 +0000->2010-04-23 14:39:11 +0000;23f12b9->d640d80;src/samples/ProcrunService.java;Update: /**\n     * Helper method for process args with defaults.\n     * \n     * @param args array of string arguments, may be empty\n     * @param argnum which argument to extract\n     * @return the argument or null\n     */
2010-04-22 20:26:48 +0000->2010-04-21 09:29:42 +0000;a6b5ed6->b1a8ee3;src/samples/ProcrunService.java;Delete: thrd.join();
2010-04-22 20:26:48 +0000->2010-04-21 09:29:42 +0000;a6b5ed6->b1a8ee3;src/samples/ProcrunService.java;Delete: InterruptedException
2010-04-22 20:26:48 +0000->2010-04-21 09:29:42 +0000;a6b5ed6->b1a8ee3;src/samples/ProcrunService.java;Delete: 
2010-04-22 20:26:48 +0000->2010-04-21 09:29:42 +0000;a6b5ed6->b1a8ee3;src/samples/ProcrunService.java;Delete: thrd.isAlive()
2010-04-22 20:26:48 +0000->2010-04-21 09:29:42 +0000;a6b5ed6->b1a8ee3;src/samples/ProcrunService.java;Update: /**\n     * Start the jvm version of the service, and waits for it to complete.\n     * \n     * @param args optional, arg[0] = timeout (seconds)\n     */
2010-04-11 00:12:19 +0000->2010-04-10 23:42:59 +0000;605a60d->e2efb1b;src/samples/ProcrunService.java;Update: final int argc = ((args == null) ? (- 0) : args.length);
2010-04-11 00:12:19 +0000->2010-04-10 23:42:59 +0000;605a60d->e2efb1b;src/samples/ProcrunService.java;Update: /**\n     * Common entry point for start and stop service functions.\n     * To allow for use with Java mode, a temporary file is created\n     * by the start service, and a deleted by the stop service.\n     * \n     * @param args [start [pause time] | stop]\n     * @throws IOException if there are problems creating or deleting the temporary file \n     */
2010-04-11 00:12:19 +0000->2010-04-10 23:42:59 +0000;605a60d->e2efb1b;src/samples/ProcrunService.java;Update: ((args != null) && (args.length > argnum))
2010-04-11 00:12:19 +0000->2010-04-10 23:42:59 +0000;605a60d->e2efb1b;src/samples/ProcrunService.java;Update: /**\n     * Helper method for process args with defaults.\n     * \n     * @param args array of string arguments, may be null or empty\n     * @param argnum which argument to extract\n     * @return the argument or null\n     */
2010-03-27 14:14:45 +0000->2010-03-24 11:57:43 +0000;7bdbb56->c64c714;src/samples/ProcrunService.java;Update: /**\n * Sample service implementation for use with Windows Procrun.\n * <p>\n * Use the main() method for running as a Java (external) service.\n * Use the start() and stop() methods for running as a jvm (in-process) service \n */
2010-03-27 14:14:45 +0000->2010-03-24 11:57:43 +0000;7bdbb56->c64c714;src/samples/ProcrunService.java;Insert: String mode = null;
2010-03-27 14:14:45 +0000->2010-03-24 11:57:43 +0000;7bdbb56->c64c714;src/samples/ProcrunService.java;Insert: (argc > 0)
2010-03-27 14:14:45 +0000->2010-03-24 11:57:43 +0000;7bdbb56->c64c714;src/samples/ProcrunService.java;Insert: (argc > 0)
2010-03-27 14:14:45 +0000->2010-03-24 11:57:43 +0000;7bdbb56->c64c714;src/samples/ProcrunService.java;Insert: mode = args[0];
2010-03-27 14:14:45 +0000->2010-03-24 11:57:43 +0000;7bdbb56->c64c714;src/samples/ProcrunService.java;Insert: usage();
2010-03-27 14:14:45 +0000->2010-03-24 11:57:43 +0000;7bdbb56->c64c714;src/samples/ProcrunService.java;Insert: long wait = DEFAULT_PAUSE;
2010-03-27 14:14:45 +0000->2010-03-24 11:57:43 +0000;7bdbb56->c64c714;src/samples/ProcrunService.java;Insert: (argc > 1)
2010-03-27 14:14:45 +0000->2010-03-24 11:57:43 +0000;7bdbb56->c64c714;src/samples/ProcrunService.java;Insert: log(("Starting the thread, wait(seconds): " + wait));
2010-03-27 14:14:45 +0000->2010-03-24 11:57:43 +0000;7bdbb56->c64c714;src/samples/ProcrunService.java;Insert: thrd = new Thread(new ProcrunService((wait * MS_PER_SEC)));
2010-03-27 14:14:45 +0000->2010-03-24 11:57:43 +0000;7bdbb56->c64c714;src/samples/ProcrunService.java;Insert: thrd.start();
2010-03-27 14:14:45 +0000->2010-03-24 11:57:43 +0000;7bdbb56->c64c714;src/samples/ProcrunService.java;Insert: wait = Integer.valueOf(args[1]).intValue();
2010-03-27 14:14:45 +0000->2010-03-24 11:57:43 +0000;7bdbb56->c64c714;src/samples/ProcrunService.java;Insert: (thrd != null)
2010-03-27 14:14:45 +0000->2010-03-24 11:57:43 +0000;7bdbb56->c64c714;src/samples/ProcrunService.java;Insert: (thrd != null)
2010-03-27 14:14:45 +0000->2010-03-24 11:57:43 +0000;7bdbb56->c64c714;src/samples/ProcrunService.java;Insert: log("Interrupting the thread");
2010-03-27 14:14:45 +0000->2010-03-24 11:57:43 +0000;7bdbb56->c64c714;src/samples/ProcrunService.java;Insert: thrd.interrupt();
2010-03-27 14:14:45 +0000->2010-03-24 11:57:43 +0000;7bdbb56->c64c714;src/samples/ProcrunService.java;Insert: log("No thread to interrupt");
2010-03-27 14:14:45 +0000->2010-03-24 11:57:43 +0000;7bdbb56->c64c714;src/samples/ProcrunService.java;Delete: File f = tmpFile(getArg(args, 2));
2010-03-27 14:14:45 +0000->2010-03-24 11:57:43 +0000;7bdbb56->c64c714;src/samples/ProcrunService.java;Delete: log(("Creating file: " + f.getPath()));
2010-03-27 14:14:45 +0000->2010-03-24 11:57:43 +0000;7bdbb56->c64c714;src/samples/ProcrunService.java;Delete: f.createNewFile();
2010-03-27 14:14:45 +0000->2010-03-24 11:57:43 +0000;7bdbb56->c64c714;src/samples/ProcrunService.java;Delete: startThread(getArg(args, 1), f);
2010-03-27 14:14:45 +0000->2010-03-24 11:57:43 +0000;7bdbb56->c64c714;src/samples/ProcrunService.java;Delete: final File tmpFile = tmpFile(getArg(args, 1));
2010-03-27 14:14:45 +0000->2010-03-24 11:57:43 +0000;7bdbb56->c64c714;src/samples/ProcrunService.java;Delete: log(("Deleting file: " + tmpFile.getPath()));
2010-03-27 14:14:45 +0000->2010-03-24 11:57:43 +0000;7bdbb56->c64c714;src/samples/ProcrunService.java;Delete: tmpFile.delete();
2010-03-27 14:14:45 +0000->2010-03-24 11:57:43 +0000;7bdbb56->c64c714;src/samples/ProcrunService.java;Delete: String mode = getArg(args, 0);
2010-03-27 14:14:45 +0000->2010-03-24 11:57:43 +0000;7bdbb56->c64c714;src/samples/ProcrunService.java;Move: "start".equals(mode)
2010-03-27 14:14:45 +0000->2010-03-24 11:57:43 +0000;7bdbb56->c64c714;src/samples/ProcrunService.java;Update: /**\n     * Common entry point for start and stop service functions.\n     * \n     * @param args [start [pause time] | stop]\n     * @throws IOException \n     */
2010-03-27 14:14:45 +0000->2010-03-24 11:57:43 +0000;7bdbb56->c64c714;src/samples/ProcrunService.java;Update: ((stopFile == null) || stopFile.exists())
2010-03-27 14:14:45 +0000->2010-03-24 11:57:43 +0000;7bdbb56->c64c714;src/samples/ProcrunService.java;Delete: /**\n     * \n     * @param wait seconds to wait in loop\n     * @param filename optional filename - if non-null, run loop will stop when it disappears\n     * @throws IOException \n     */
2010-03-27 14:14:45 +0000->2010-03-24 11:57:43 +0000;7bdbb56->c64c714;src/samples/ProcrunService.java;Delete: file
2010-03-27 14:14:45 +0000->2010-03-24 11:57:43 +0000;7bdbb56->c64c714;src/samples/ProcrunService.java;Delete: stopFile = file;
2010-03-27 14:14:45 +0000->2010-03-24 11:57:43 +0000;7bdbb56->c64c714;src/samples/ProcrunService.java;Delete: ProcrunService.tmpFile(String)
2010-03-27 14:14:45 +0000->2010-03-24 11:57:43 +0000;7bdbb56->c64c714;src/samples/ProcrunService.java;Delete: ProcrunService.start(String[])
2010-03-27 14:14:45 +0000->2010-03-24 11:57:43 +0000;7bdbb56->c64c714;src/samples/ProcrunService.java;Delete: ProcrunService.startThread(String,File)
2010-03-27 14:14:45 +0000->2010-03-24 11:57:43 +0000;7bdbb56->c64c714;src/samples/ProcrunService.java;Delete: ProcrunService.getArg(String[],int)
2010-03-27 14:14:45 +0000->2010-03-24 11:57:43 +0000;7bdbb56->c64c714;src/samples/ProcrunService.java;Delete: ProcrunService.stop(String[])
2010-03-27 14:14:45 +0000->2010-03-24 11:57:43 +0000;7bdbb56->c64c714;src/samples/ProcrunService.java;Delete: ProcrunService.stopFile : File
2010-03-19 23:03:14 +0000->2010-03-19 18:34:05 +0000;82689b8->bc7dbd6;src/samples/ProcrunService.java;Delete: log("No thread to interrupt");
2010-03-19 23:03:14 +0000->2010-03-19 18:34:05 +0000;82689b8->bc7dbd6;src/samples/ProcrunService.java;Delete: (thrd != null)
2010-03-19 23:03:14 +0000->2010-03-19 18:34:05 +0000;82689b8->bc7dbd6;src/samples/ProcrunService.java;Delete: ProcrunService.finalize()
2010-03-19 10:11:51 +0000->2010-03-19 10:03:48 +0000;f339207->9cd5b08;src/samples/SimpleDaemon.java;Delete: final
2010-03-19 10:11:51 +0000->2010-03-19 10:03:48 +0000;f339207->9cd5b08;src/samples/SimpleDaemon.java;Delete: final
2010-03-19 10:11:51 +0000->2010-03-19 10:03:48 +0000;f339207->9cd5b08;src/samples/SimpleDaemon.java;Delete: final
2010-03-19 10:11:51 +0000->2010-03-19 10:03:48 +0000;f339207->9cd5b08;src/samples/SimpleDaemon.java;Delete: volatile
2010-03-19 10:11:51 +0000->2010-03-19 10:03:48 +0000;f339207->9cd5b08;src/samples/SimpleDaemon.java;Delete: final
2010-03-19 00:33:51 +0000->2010-03-19 00:30:38 +0000;e3498e6->6610d4c;src/java/org/apache/commons/daemon/support/DaemonLoader.java;Delete: private
2010-03-19 00:33:51 +0000->2010-03-19 00:30:38 +0000;e3498e6->6610d4c;src/java/org/apache/commons/daemon/support/DaemonLoader.java;Delete: private
2010-03-19 00:33:51 +0000->2010-03-19 00:30:38 +0000;e3498e6->6610d4c;src/java/org/apache/commons/daemon/support/DaemonLoader.java;Insert: Object s = c.newInstance();
2010-03-19 00:33:51 +0000->2010-03-19 00:30:38 +0000;e3498e6->6610d4c;src/java/org/apache/commons/daemon/support/DaemonLoader.java;Delete: c.newInstance();
2010-03-19 00:33:51 +0000->2010-03-19 00:30:38 +0000;e3498e6->6610d4c;src/java/org/apache/commons/daemon/support/DaemonLoader.java;Delete: private
2010-03-19 00:30:38 +0000->2010-03-19 00:24:48 +0000;6610d4c->3324629;src/java/org/apache/commons/daemon/support/DaemonLoader.java;Insert: context = new Context();
2010-03-19 00:30:38 +0000->2010-03-19 00:24:48 +0000;6610d4c->3324629;src/java/org/apache/commons/daemon/support/DaemonLoader.java;Delete: Context context = new Context();
2010-03-19 00:30:38 +0000->2010-03-19 00:24:48 +0000;6610d4c->3324629;src/java/org/apache/commons/daemon/support/DaemonLoader.java;Insert: org.apache.commons.daemon.support.DaemonLoader.context : Context
2010-03-19 00:24:48 +0000->2010-03-18 20:53:30 +0000;3324629->b73d4ff;src/java/org/apache/commons/daemon/support/DaemonLoader.java;Update: this.daemonController = controller;
2010-03-19 00:24:48 +0000->2010-03-18 20:53:30 +0000;3324629->b73d4ff;src/java/org/apache/commons/daemon/support/DaemonLoader.java;Update: daemonController;
2010-03-19 00:24:48 +0000->2010-03-18 20:53:30 +0000;3324629->b73d4ff;src/java/org/apache/commons/daemon/support/DaemonLoader.java;Update: org.apache.commons.daemon.support.DaemonLoader.Context.daemonController : DaemonController
2010-03-15 09:20:00 +0000->2010-03-15 08:09:26 +0000;c49e478->6cbc872;src/java/org/apache/commons/daemon/DaemonListener.java;Delete: /**\n * EvenListener type wrapper.\n * @version 1.0 <i>(SVN $Revision$)</i>\n */
2010-03-15 09:20:00 +0000->2010-03-15 08:09:26 +0000;c49e478->6cbc872;src/java/org/apache/commons/daemon/support/DaemonLoader.java;Delete: fail(message, null);
2010-03-15 09:20:00 +0000->2010-03-15 08:09:26 +0000;c49e478->6cbc872;src/java/org/apache/commons/daemon/support/DaemonLoader.java;Delete: fail(null, exception);
2010-03-15 09:20:00 +0000->2010-03-15 08:09:26 +0000;c49e478->6cbc872;src/java/org/apache/commons/daemon/support/DaemonLoader.java;Delete: new IllegalStateException();
2010-03-15 09:20:00 +0000->2010-03-15 08:09:26 +0000;c49e478->6cbc872;src/java/org/apache/commons/daemon/support/DaemonLoader.java;Delete: this.setAvailable(false);
2010-03-15 09:20:00 +0000->2010-03-15 08:09:26 +0000;c49e478->6cbc872;src/java/org/apache/commons/daemon/support/DaemonLoader.java;Delete: String msg = message;
2010-03-15 09:20:00 +0000->2010-03-15 08:09:26 +0000;c49e478->6cbc872;src/java/org/apache/commons/daemon/support/DaemonLoader.java;Delete: msg = ((msg + ": ") + exception.toString());
2010-03-15 09:20:00 +0000->2010-03-15 08:09:26 +0000;c49e478->6cbc872;src/java/org/apache/commons/daemon/support/DaemonLoader.java;Delete: msg = exception.toString();
2010-03-15 09:20:00 +0000->2010-03-15 08:09:26 +0000;c49e478->6cbc872;src/java/org/apache/commons/daemon/support/DaemonLoader.java;Delete: (msg != null)
2010-03-15 09:20:00 +0000->2010-03-15 08:09:26 +0000;c49e478->6cbc872;src/java/org/apache/commons/daemon/support/DaemonLoader.java;Delete: (msg != null)
2010-03-15 09:20:00 +0000->2010-03-15 08:09:26 +0000;c49e478->6cbc872;src/java/org/apache/commons/daemon/support/DaemonLoader.java;Delete: (exception != null)
2010-03-15 09:20:00 +0000->2010-03-15 08:09:26 +0000;c49e478->6cbc872;src/java/org/apache/commons/daemon/support/DaemonLoader.java;Delete: DaemonLoader.failed(msg);
2010-03-15 09:20:00 +0000->2010-03-15 08:09:26 +0000;c49e478->6cbc872;src/java/org/apache/commons/daemon/support/DaemonLoader.java;Delete: (! this.isAvailable())
2010-03-15 09:20:00 +0000->2010-03-15 08:09:26 +0000;c49e478->6cbc872;src/java/org/apache/commons/daemon/support/DaemonLoader.java;Delete: (! this.isAvailable())
2010-03-15 09:20:00 +0000->2010-03-15 08:09:26 +0000;c49e478->6cbc872;src/java/org/apache/commons/daemon/support/DaemonLoader.java;Delete: this
2010-03-15 09:20:00 +0000->2010-03-15 08:09:26 +0000;c49e478->6cbc872;src/java/org/apache/commons/daemon/support/DaemonLoader.java;Delete: fail(null, null);
2010-03-15 09:20:00 +0000->2010-03-15 08:09:26 +0000;c49e478->6cbc872;src/java/org/apache/commons/daemon/support/DaemonLoader.java;Delete: org.apache.commons.daemon.support.DaemonLoader.failed(String)
2010-02-22 18:08:51 +0000->2010-02-22 17:16:00 +0000;1306e7f->769cc41;src/test/org/apache/commons/daemon/SimpleDaemon.java;Delete: volatile
2006-04-27 08:58:27 +0000->2006-04-27 08:37:44 +0000;492528a->b7e4fd2;src/samples/SimpleDaemon.java;Update: out.print("Your choice: ");
2005-04-27 16:01:42 +0000->2005-04-25 15:50:09 +0000;342338d->cee2fad;src/samples/SimpleDaemon.java;Delete: out = new PrintStream(os);
2005-04-27 16:01:42 +0000->2005-04-25 15:50:09 +0000;342338d->cee2fad;src/samples/SimpleDaemon.java;Delete: UnsupportedEncodingException
2005-04-27 16:01:42 +0000->2005-04-25 15:50:09 +0000;342338d->cee2fad;src/samples/SimpleDaemon.java;Delete: out = new PrintStream(os, true, "US-ASCII");
2005-04-27 16:01:42 +0000->2005-04-25 15:50:09 +0000;342338d->cee2fad;src/samples/SimpleDaemon.java;Delete: 
2005-04-27 16:01:42 +0000->2005-04-25 15:50:09 +0000;342338d->cee2fad;src/samples/SimpleDaemon.java;Move: 
2005-04-27 16:01:42 +0000->2005-04-25 15:50:09 +0000;342338d->cee2fad;src/samples/SimpleDaemon.java;Move: /* If we don't have data in the System InputStream, we want\n                       to ask to the user for an option. */
2005-04-27 16:01:42 +0000->2005-04-25 15:50:09 +0000;342338d->cee2fad;src/samples/SimpleDaemon.java;Move: (in.available() == 0)
2005-04-27 16:01:42 +0000->2005-04-25 15:50:09 +0000;342338d->cee2fad;src/samples/SimpleDaemon.java;Move: /* Read an option from the client */
2005-04-27 16:01:42 +0000->2005-04-25 15:50:09 +0000;342338d->cee2fad;src/samples/SimpleDaemon.java;Move: int x = in.read();
2005-04-27 16:01:42 +0000->2005-04-25 15:50:09 +0000;342338d->cee2fad;src/samples/SimpleDaemon.java;Move: x
2005-04-27 16:01:42 +0000->2005-04-25 15:50:09 +0000;342338d->cee2fad;src/samples/SimpleDaemon.java;Move: 
2005-04-27 16:01:42 +0000->2005-04-25 15:50:09 +0000;342338d->cee2fad;src/samples/SimpleDaemon.java;Move: 
2005-04-27 16:01:42 +0000->2005-04-25 15:50:09 +0000;342338d->cee2fad;src/samples/SimpleDaemon.java;Move: 
2005-04-27 16:01:42 +0000->2005-04-25 15:50:09 +0000;342338d->cee2fad;src/samples/SimpleDaemon.java;Update: PrintStream out = null;
2005-04-22 10:29:03 +0000->2005-04-22 09:49:18 +0000;fd58cc9->8963e4c;src/samples/SimpleDaemon.java;Insert: System.load("/home/jakarta/X509/Native.so");
2005-04-22 10:29:03 +0000->2005-04-22 09:49:18 +0000;fd58cc9->8963e4c;src/samples/SimpleDaemon.java;Delete: System.load(System.getProperty("native.library", "./Native.so"));
2004-11-05 16:03:22 +0000->2004-11-05 12:08:10 +0000;d030f54->e46efdb;src/samples/SimpleDaemon.java;Insert: /* Disconnect */
2004-11-05 16:03:22 +0000->2004-11-05 12:08:10 +0000;d030f54->e46efdb;src/samples/SimpleDaemon.java;Insert: this.log(name);
2004-11-05 16:03:22 +0000->2004-11-05 12:08:10 +0000;d030f54->e46efdb;src/samples/SimpleDaemon.java;Delete: this.createFile(name);
2004-11-05 16:03:22 +0000->2004-11-05 12:08:10 +0000;d030f54->e46efdb;src/samples/SimpleDaemon.java;Delete: /* Crash JVM in a native call: It need an so file ;-) */
2004-11-05 16:03:22 +0000->2004-11-05 12:08:10 +0000;d030f54->e46efdb;src/samples/SimpleDaemon.java;Delete: /* Create a directory (PR 30177 with 1.4.x and 1.5.0 */
2004-11-05 16:03:22 +0000->2004-11-05 12:08:10 +0000;d030f54->e46efdb;src/samples/SimpleDaemon.java;Delete: '6'
2004-11-05 16:03:22 +0000->2004-11-05 12:08:10 +0000;d030f54->e46efdb;src/samples/SimpleDaemon.java;Delete: String name1 = ((((this.getDirectoryName() + "/a/b/c/d/e") + "/SimpleDaemon.") + this.getConnectionNumber()) + ".tmp");
2004-11-05 16:03:22 +0000->2004-11-05 12:08:10 +0000;d030f54->e46efdb;src/samples/SimpleDaemon.java;Delete: 
2004-11-05 16:03:22 +0000->2004-11-05 12:08:10 +0000;d030f54->e46efdb;src/samples/SimpleDaemon.java;Delete: out.println("    6) Create a directory");
2004-11-05 16:03:22 +0000->2004-11-05 12:08:10 +0000;d030f54->e46efdb;src/samples/SimpleDaemon.java;Delete: this.createDir(name1);
2004-11-05 16:03:22 +0000->2004-11-05 12:08:10 +0000;d030f54->e46efdb;src/samples/SimpleDaemon.java;Delete: out.println((("File \'" + name1) + "\' created"));
2004-11-05 16:03:22 +0000->2004-11-05 12:08:10 +0000;d030f54->e46efdb;src/samples/SimpleDaemon.java;Delete: e.printStackTrace(out);
2004-11-05 16:03:22 +0000->2004-11-05 12:08:10 +0000;d030f54->e46efdb;src/samples/SimpleDaemon.java;Delete: IOException
2004-11-05 16:03:22 +0000->2004-11-05 12:08:10 +0000;d030f54->e46efdb;src/samples/SimpleDaemon.java;Delete: 
2004-11-05 16:03:22 +0000->2004-11-05 12:08:10 +0000;d030f54->e46efdb;src/samples/SimpleDaemon.java;Move: 
2004-11-05 16:03:22 +0000->2004-11-05 12:08:10 +0000;d030f54->e46efdb;src/samples/SimpleDaemon.java;Move: /* If we don't have data in the System InputStream, we want\n                       to ask to the user for an option. */
2004-11-05 16:03:22 +0000->2004-11-05 12:08:10 +0000;d030f54->e46efdb;src/samples/SimpleDaemon.java;Move: (in.available() == 0)
2004-11-05 16:03:22 +0000->2004-11-05 12:08:10 +0000;d030f54->e46efdb;src/samples/SimpleDaemon.java;Move: /* Read an option from the client */
2004-11-05 16:03:22 +0000->2004-11-05 12:08:10 +0000;d030f54->e46efdb;src/samples/SimpleDaemon.java;Move: int x = in.read();
2004-11-05 16:03:22 +0000->2004-11-05 12:08:10 +0000;d030f54->e46efdb;src/samples/SimpleDaemon.java;Move: x
2004-11-05 16:03:22 +0000->2004-11-05 12:08:10 +0000;d030f54->e46efdb;src/samples/SimpleDaemon.java;Move: /* Create a file */
2004-11-05 16:03:22 +0000->2004-11-05 12:08:10 +0000;d030f54->e46efdb;src/samples/SimpleDaemon.java;Move: /* Disconnect */
2004-11-05 16:03:22 +0000->2004-11-05 12:08:10 +0000;d030f54->e46efdb;src/samples/SimpleDaemon.java;Move: 
2004-11-05 16:03:22 +0000->2004-11-05 12:08:10 +0000;d030f54->e46efdb;src/samples/SimpleDaemon.java;Move: 
2004-11-05 16:03:22 +0000->2004-11-05 12:08:10 +0000;d030f54->e46efdb;src/samples/SimpleDaemon.java;Update: /* Create a file */
2004-11-05 16:03:22 +0000->2004-11-05 12:08:10 +0000;d030f54->e46efdb;src/samples/SimpleDaemon.java;Insert: SimpleDaemon.Handler.log(String)
2004-11-05 16:03:22 +0000->2004-11-05 12:08:10 +0000;d030f54->e46efdb;src/samples/SimpleDaemon.java;Delete: SimpleDaemon.Handler.createFile(String)
2004-11-05 16:03:22 +0000->2004-11-05 12:08:10 +0000;d030f54->e46efdb;src/samples/SimpleDaemon.java;Delete: SimpleDaemon.Handler.createDir(String)
2004-11-05 12:08:10 +0000->2004-11-05 11:53:43 +0000;e46efdb->22fadbc;src/samples/SimpleDaemon.java;Delete: out.println("    5) Cause a core of the JVM");
2004-11-05 12:08:10 +0000->2004-11-05 11:53:43 +0000;e46efdb->22fadbc;src/samples/SimpleDaemon.java;Delete: /* Need a so file ;-) */
2004-11-05 12:08:10 +0000->2004-11-05 11:53:43 +0000;e46efdb->22fadbc;src/samples/SimpleDaemon.java;Delete: '5'
2004-11-05 12:08:10 +0000->2004-11-05 11:53:43 +0000;e46efdb->22fadbc;src/samples/SimpleDaemon.java;Delete: System.load("/home/jakarta/X509/Native.so");
2004-11-05 12:08:10 +0000->2004-11-05 11:53:43 +0000;e46efdb->22fadbc;src/samples/SimpleDaemon.java;Delete: toto();
2004-11-05 12:08:10 +0000->2004-11-05 11:53:43 +0000;e46efdb->22fadbc;src/samples/SimpleDaemon.java;Delete: 
2004-11-05 12:08:10 +0000->2004-11-05 11:53:43 +0000;e46efdb->22fadbc;src/samples/SimpleDaemon.java;Move: 
2004-11-05 12:08:10 +0000->2004-11-05 11:53:43 +0000;e46efdb->22fadbc;src/samples/SimpleDaemon.java;Move: 
2004-11-05 12:08:10 +0000->2004-11-05 11:53:43 +0000;e46efdb->22fadbc;src/samples/SimpleDaemon.java;Delete: SimpleDaemon.toto()
2004-08-19 05:44:58 +0000->2004-08-17 15:38:43 +0000;ba9e8be->feb5808;src/java/org/apache/commons/daemon/support/DaemonLoader.java;Insert: Class[] interf = c.getInterfaces();
2004-08-19 05:44:58 +0000->2004-08-17 15:38:43 +0000;ba9e8be->feb5808;src/java/org/apache/commons/daemon/support/DaemonLoader.java;Insert: (interf != null)
2004-08-19 05:44:58 +0000->2004-08-17 15:38:43 +0000;ba9e8be->feb5808;src/java/org/apache/commons/daemon/support/DaemonLoader.java;Insert: (i < interf.length)
2004-08-19 05:44:58 +0000->2004-08-17 15:38:43 +0000;ba9e8be->feb5808;src/java/org/apache/commons/daemon/support/DaemonLoader.java;Insert: interf[i].getName().equals("org.apache.commons.daemon.Daemon")
2004-08-19 05:44:58 +0000->2004-08-17 15:38:43 +0000;ba9e8be->feb5808;src/java/org/apache/commons/daemon/support/DaemonLoader.java;Insert: int i = 0;
2004-08-19 05:44:58 +0000->2004-08-17 15:38:43 +0000;ba9e8be->feb5808;src/java/org/apache/commons/daemon/support/DaemonLoader.java;Insert: i ++;
2004-08-19 05:44:58 +0000->2004-08-17 15:38:43 +0000;ba9e8be->feb5808;src/java/org/apache/commons/daemon/support/DaemonLoader.java;Insert: isdaemon = true;
2004-08-19 05:44:58 +0000->2004-08-17 15:38:43 +0000;ba9e8be->feb5808;src/java/org/apache/commons/daemon/support/DaemonLoader.java;Delete: Class dclass = cl.loadClass("org.apache.commons.daemon.Daemon");
2004-08-19 05:44:58 +0000->2004-08-17 15:38:43 +0000;ba9e8be->feb5808;src/java/org/apache/commons/daemon/support/DaemonLoader.java;Delete: isdaemon = dclass.isAssignableFrom(c);
2004-08-19 05:44:58 +0000->2004-08-17 15:38:43 +0000;ba9e8be->feb5808;src/java/org/apache/commons/daemon/support/DaemonLoader.java;Delete: Exception
2004-08-19 05:44:58 +0000->2004-08-17 15:38:43 +0000;ba9e8be->feb5808;src/java/org/apache/commons/daemon/support/DaemonLoader.java;Delete: // Swallow if Daemon not found.
2004-08-19 05:44:58 +0000->2004-08-17 15:38:43 +0000;ba9e8be->feb5808;src/java/org/apache/commons/daemon/support/DaemonLoader.java;Delete: 
2004-08-19 05:44:58 +0000->2004-08-17 15:38:43 +0000;ba9e8be->feb5808;src/java/org/apache/commons/daemon/support/DaemonLoader.java;Move: 
2004-08-19 05:44:58 +0000->2004-08-17 15:38:43 +0000;ba9e8be->feb5808;src/java/org/apache/commons/daemon/support/DaemonLoader.java;Move: /* Make sure any previous instance is garbage collected */
2004-08-19 05:44:58 +0000->2004-08-17 15:38:43 +0000;ba9e8be->feb5808;src/java/org/apache/commons/daemon/support/DaemonLoader.java;Move: System.gc();
2004-08-19 05:44:58 +0000->2004-08-17 15:38:43 +0000;ba9e8be->feb5808;src/java/org/apache/commons/daemon/support/DaemonLoader.java;Move: /* Check if the underlying libray supplied a valid list of\n               arguments */
2004-08-19 05:44:58 +0000->2004-08-17 15:38:43 +0000;ba9e8be->feb5808;src/java/org/apache/commons/daemon/support/DaemonLoader.java;Move: (ar == null)
2004-08-19 05:44:58 +0000->2004-08-17 15:38:43 +0000;ba9e8be->feb5808;src/java/org/apache/commons/daemon/support/DaemonLoader.java;Move: /* Check the class name */
2004-08-19 05:44:58 +0000->2004-08-17 15:38:43 +0000;ba9e8be->feb5808;src/java/org/apache/commons/daemon/support/DaemonLoader.java;Move: (cn == null)
2004-08-19 05:44:58 +0000->2004-08-17 15:38:43 +0000;ba9e8be->feb5808;src/java/org/apache/commons/daemon/support/DaemonLoader.java;Move: /* Get the ClassLoader loading this class */
2004-08-19 05:44:58 +0000->2004-08-17 15:38:43 +0000;ba9e8be->feb5808;src/java/org/apache/commons/daemon/support/DaemonLoader.java;Move: ClassLoader cl = DaemonLoader.class.getClassLoader();
2004-08-19 05:44:58 +0000->2004-08-17 15:38:43 +0000;ba9e8be->feb5808;src/java/org/apache/commons/daemon/support/DaemonLoader.java;Move: (cl == null)
2004-08-19 05:44:58 +0000->2004-08-17 15:38:43 +0000;ba9e8be->feb5808;src/java/org/apache/commons/daemon/support/DaemonLoader.java;Move: /* Find the required class */
2004-08-19 05:44:58 +0000->2004-08-17 15:38:43 +0000;ba9e8be->feb5808;src/java/org/apache/commons/daemon/support/DaemonLoader.java;Move: Class c = cl.loadClass(cn);
2004-08-19 05:44:58 +0000->2004-08-17 15:38:43 +0000;ba9e8be->feb5808;src/java/org/apache/commons/daemon/support/DaemonLoader.java;Move: /* This should _never_ happen, but doublechecking doesn't harm */
2004-08-19 05:44:58 +0000->2004-08-17 15:38:43 +0000;ba9e8be->feb5808;src/java/org/apache/commons/daemon/support/DaemonLoader.java;Move: (c == null)
2004-08-19 05:44:58 +0000->2004-08-17 15:38:43 +0000;ba9e8be->feb5808;src/java/org/apache/commons/daemon/support/DaemonLoader.java;Move: /* Check interface */
2004-08-19 05:44:58 +0000->2004-08-17 15:38:43 +0000;ba9e8be->feb5808;src/java/org/apache/commons/daemon/support/DaemonLoader.java;Move: boolean isdaemon = false;
2004-08-19 05:44:58 +0000->2004-08-17 15:38:43 +0000;ba9e8be->feb5808;src/java/org/apache/commons/daemon/support/DaemonLoader.java;Move: /* Check methods */
2004-08-19 05:44:58 +0000->2004-08-17 15:38:43 +0000;ba9e8be->feb5808;src/java/org/apache/commons/daemon/support/DaemonLoader.java;Move: Class[] myclass = new Class[1];
2004-08-19 05:44:58 +0000->2004-08-17 15:38:43 +0000;ba9e8be->feb5808;src/java/org/apache/commons/daemon/support/DaemonLoader.java;Move: isdaemon
2004-08-19 05:44:58 +0000->2004-08-17 15:38:43 +0000;ba9e8be->feb5808;src/java/org/apache/commons/daemon/support/DaemonLoader.java;Move: init = c.getMethod("init", myclass);
2004-08-19 05:44:58 +0000->2004-08-17 15:38:43 +0000;ba9e8be->feb5808;src/java/org/apache/commons/daemon/support/DaemonLoader.java;Move: myclass = null;
2004-08-19 05:44:58 +0000->2004-08-17 15:38:43 +0000;ba9e8be->feb5808;src/java/org/apache/commons/daemon/support/DaemonLoader.java;Move: start = c.getMethod("start", myclass);
2004-08-19 05:44:58 +0000->2004-08-17 15:38:43 +0000;ba9e8be->feb5808;src/java/org/apache/commons/daemon/support/DaemonLoader.java;Move: stop = c.getMethod("stop", myclass);
2004-08-19 05:44:58 +0000->2004-08-17 15:38:43 +0000;ba9e8be->feb5808;src/java/org/apache/commons/daemon/support/DaemonLoader.java;Move: destroy = c.getMethod("destroy", myclass);
2004-08-19 05:44:58 +0000->2004-08-17 15:38:43 +0000;ba9e8be->feb5808;src/java/org/apache/commons/daemon/support/DaemonLoader.java;Move: /* Create a new instance of the daemon */
2004-08-19 05:44:58 +0000->2004-08-17 15:38:43 +0000;ba9e8be->feb5808;src/java/org/apache/commons/daemon/support/DaemonLoader.java;Move: daemon = c.newInstance();
2004-08-19 05:44:58 +0000->2004-08-17 15:38:43 +0000;ba9e8be->feb5808;src/java/org/apache/commons/daemon/support/DaemonLoader.java;Move: isdaemon
2003-09-27 16:49:13 +0000->2003-09-27 16:41:09 +0000;874c8f9->c15834e;src/java/org/apache/commons/daemon/support/DaemonLoader.java;Insert: daemon = null;
2003-09-27 16:49:13 +0000->2003-09-27 16:41:09 +0000;874c8f9->c15834e;src/java/org/apache/commons/daemon/support/DaemonLoader.java;Insert: controller = null;
2003-09-27 16:49:13 +0000->2003-09-27 16:41:09 +0000;874c8f9->c15834e;src/java/org/apache/commons/daemon/support/DaemonLoader.java;Delete: org.apache.commons.daemon.support.DaemonLoader.destroy()
2003-09-26 21:09:20 +0000->2003-09-26 20:52:12 +0000;14544ad->0d65389;src/java/org/apache/commons/daemon/support/DaemonLoader.java;Delete: myclass[0] = DaemonContext.class;
2003-09-26 21:09:20 +0000->2003-09-26 20:52:12 +0000;14544ad->0d65389;src/java/org/apache/commons/daemon/support/DaemonLoader.java;Delete: isdaemon
2003-09-26 21:09:20 +0000->2003-09-26 20:52:12 +0000;14544ad->0d65389;src/java/org/apache/commons/daemon/support/DaemonLoader.java;Delete: isdaemon
2003-09-26 21:09:20 +0000->2003-09-26 20:52:12 +0000;14544ad->0d65389;src/java/org/apache/commons/daemon/support/DaemonLoader.java;Move: isdaemon
2003-09-26 21:09:20 +0000->2003-09-26 20:52:12 +0000;14544ad->0d65389;src/java/org/apache/commons/daemon/support/DaemonLoader.java;Move: myclass[0] = ar.getClass();
2003-09-26 21:09:20 +0000->2003-09-26 20:52:12 +0000;14544ad->0d65389;src/java/org/apache/commons/daemon/support/DaemonLoader.java;Move: /* Create a new controller instance */
2003-09-26 21:09:20 +0000->2003-09-26 20:52:12 +0000;14544ad->0d65389;src/java/org/apache/commons/daemon/support/DaemonLoader.java;Move: controller = new Controller();
2003-09-26 21:09:20 +0000->2003-09-26 20:52:12 +0000;14544ad->0d65389;src/java/org/apache/commons/daemon/support/DaemonLoader.java;Move: /* Set the availability flag in the controller */
2003-09-26 21:09:20 +0000->2003-09-26 20:52:12 +0000;14544ad->0d65389;src/java/org/apache/commons/daemon/support/DaemonLoader.java;Move: controller.setAvailable(false);
2003-09-26 21:09:20 +0000->2003-09-26 20:52:12 +0000;14544ad->0d65389;src/java/org/apache/commons/daemon/support/DaemonLoader.java;Move: /* Create context */
2003-09-26 21:09:20 +0000->2003-09-26 20:52:12 +0000;14544ad->0d65389;src/java/org/apache/commons/daemon/support/DaemonLoader.java;Move: context = new Context();
2003-09-26 21:09:20 +0000->2003-09-26 20:52:12 +0000;14544ad->0d65389;src/java/org/apache/commons/daemon/support/DaemonLoader.java;Move: context.setArguments(ar);
2003-09-26 21:09:20 +0000->2003-09-26 20:52:12 +0000;14544ad->0d65389;src/java/org/apache/commons/daemon/support/DaemonLoader.java;Move: context.setController(controller);
2003-09-26 21:09:20 +0000->2003-09-26 20:52:12 +0000;14544ad->0d65389;src/java/org/apache/commons/daemon/support/DaemonLoader.java;Move: /* Now we want to call the init method in the class */
2003-09-26 21:09:20 +0000->2003-09-26 20:52:12 +0000;14544ad->0d65389;src/java/org/apache/commons/daemon/support/DaemonLoader.java;Move: Object[] arg = new Object[1];
2003-09-26 21:09:20 +0000->2003-09-26 20:52:12 +0000;14544ad->0d65389;src/java/org/apache/commons/daemon/support/DaemonLoader.java;Move: arg[0] = context;
2003-09-26 21:09:20 +0000->2003-09-26 20:52:12 +0000;14544ad->0d65389;src/java/org/apache/commons/daemon/support/DaemonLoader.java;Move: init.invoke(daemon, arg);
