CommitId;RefactoringType;RefactoringDetail
70541a34c66fcccd8219f6fdeb4f8019d31e46e9;Extract Method;Extract Method	private encode(dout DataOutputStream, bs ByteSequence) : void extracted from public encodeColumnFamily(keys List<Key>, values List<Value>) : Value in class org.apache.accumulo.core.iterators.user.WholeColumnFamilyIterator
70541a34c66fcccd8219f6fdeb4f8019d31e46e9;Extract Method;Extract Method	private encode(dout DataOutputStream, bs ByteSequence) : void extracted from public encodeRow(keys List<Key>, values List<Value>) : Value in class org.apache.accumulo.core.iterators.user.WholeRowIterator
010d0c819194944c8d5e3201f3b82a629778bda3;Inline Variable;Inline Variable	switchedLog : String in method private switchVolumes(le LogEntry, replacements List<Pair<Path,Path>>) : LogEntry from class org.apache.accumulo.server.fs.VolumeUtil
739ca1c1023d36819ed9de7155dcf25272e548ad;Rename Class;Rename Class	org.apache.accumulo.test.functional.TableChangeStateIT renamed to org.apache.accumulo.test.functional.FateConcurrencyIT
739ca1c1023d36819ed9de7155dcf25272e548ad;Extract Method;Extract Method	private findLocks(zk IZooReader, lockPath String, heldLocks Map<Long,List<String>>, waitingLocks Map<Long,List<String>>) : void extracted from public getStatus(zs ReadOnlyTStore<T>, zk IZooReader, lockPath String, filterTxid Set<Long>, filterStatus EnumSet<TStatus>) : FateStatus in class org.apache.accumulo.fate.AdminUtil
739ca1c1023d36819ed9de7155dcf25272e548ad;Extract Method;Extract Method	private getTransactionStatus(zs ReadOnlyTStore<T>, filterTxid Set<Long>, filterStatus EnumSet<TStatus>, heldLocks Map<Long,List<String>>, waitingLocks Map<Long,List<String>>) : FateStatus extracted from public getStatus(zs ReadOnlyTStore<T>, zk IZooReader, lockPath String, filterTxid Set<Long>, filterStatus EnumSet<TStatus>) : FateStatus in class org.apache.accumulo.fate.AdminUtil
739ca1c1023d36819ed9de7155dcf25272e548ad;Extract Method;Extract Method	private startCompactTask() : Future<?> extracted from public changeTableStateTest() : void in class org.apache.accumulo.test.functional.FateConcurrencyIT
e78e4d9266b5d9fd1881ff3662ca8da08975a639;Rename Method;Rename Method	public getContext() : String renamed to public getServiceEnv() : String in class org.apache.accumulo.server.conf.TableConfiguration.ParsedIteratorConfig
e78e4d9266b5d9fd1881ff3662ca8da08975a639;Rename Attribute;Rename Attribute	TABLE_PREFERRED_VOLUMES : String to TABLE_CUSTOM_SUFFIX : String in class org.apache.accumulo.server.fs.PreferredVolumeChooser
e78e4d9266b5d9fd1881ff3662ca8da08975a639;Replace Variable With Attribute;Replace Variable With Attribute	tableConf : TableConfiguration to systemConf : Configuration in method public before() : void in class org.apache.accumulo.server.fs.PerTableVolumeChooserTest
e78e4d9266b5d9fd1881ff3662ca8da08975a639;Rename Attribute;Rename Attribute	serverContext : ServerContext to serviceEnv : ServiceEnvironment in class org.apache.accumulo.server.fs.SpaceAwareVolumeChooserTest
e78e4d9266b5d9fd1881ff3662ca8da08975a639;Extract Subclass;Extract Subclass	org.apache.accumulo.server.fs.VolumeChooserEnvironmentImpl from class org.apache.accumulo.server.fs.VolumeChooserEnvironment
e78e4d9266b5d9fd1881ff3662ca8da08975a639;Push Down Method;Push Down Method	public getEndRow() : Text from class org.apache.accumulo.server.fs.VolumeChooserEnvironment to public getEndRow() : Text from class org.apache.accumulo.server.fs.VolumeChooserEnvironmentImpl
e78e4d9266b5d9fd1881ff3662ca8da08975a639;Push Down Method;Push Down Method	public getTableId() : TableId from class org.apache.accumulo.server.fs.VolumeChooserEnvironment to public getTableId() : TableId from class org.apache.accumulo.server.fs.VolumeChooserEnvironmentImpl
e78e4d9266b5d9fd1881ff3662ca8da08975a639;Push Down Method;Push Down Method	public getScope() : ChooserScope from class org.apache.accumulo.server.fs.VolumeChooserEnvironment to public getScope() : ChooserScope from class org.apache.accumulo.server.fs.VolumeChooserEnvironmentImpl
e78e4d9266b5d9fd1881ff3662ca8da08975a639;Push Down Method;Push Down Method	public equals(obj Object) : boolean from class org.apache.accumulo.server.fs.VolumeChooserEnvironment to public equals(obj Object) : boolean from class org.apache.accumulo.server.fs.VolumeChooserEnvironmentImpl
e78e4d9266b5d9fd1881ff3662ca8da08975a639;Push Down Method;Push Down Method	public hashCode() : int from class org.apache.accumulo.server.fs.VolumeChooserEnvironment to public hashCode() : int from class org.apache.accumulo.server.fs.VolumeChooserEnvironmentImpl
e78e4d9266b5d9fd1881ff3662ca8da08975a639;Push Down Attribute;Push Down Attribute	private context : ServerContext from class org.apache.accumulo.server.fs.VolumeChooserEnvironment to class org.apache.accumulo.server.fs.VolumeChooserEnvironmentImpl
e78e4d9266b5d9fd1881ff3662ca8da08975a639;Push Down Attribute;Push Down Attribute	private scope : ChooserScope from class org.apache.accumulo.server.fs.VolumeChooserEnvironment to class org.apache.accumulo.server.fs.VolumeChooserEnvironmentImpl
e78e4d9266b5d9fd1881ff3662ca8da08975a639;Push Down Attribute;Push Down Attribute	private tableId : TableId from class org.apache.accumulo.server.fs.VolumeChooserEnvironment to class org.apache.accumulo.server.fs.VolumeChooserEnvironmentImpl
e78e4d9266b5d9fd1881ff3662ca8da08975a639;Push Down Attribute;Push Down Attribute	private endRow : Text from class org.apache.accumulo.server.fs.VolumeChooserEnvironment to class org.apache.accumulo.server.fs.VolumeChooserEnvironmentImpl
e78e4d9266b5d9fd1881ff3662ca8da08975a639;Push Down Method;Push Down Method	public VolumeChooserEnvironment(scope ChooserScope, context ServerContext) from class org.apache.accumulo.server.fs.VolumeChooserEnvironment to public VolumeChooserEnvironmentImpl(scope ChooserScope, context ServerContext) from class org.apache.accumulo.server.fs.VolumeChooserEnvironmentImpl
e78e4d9266b5d9fd1881ff3662ca8da08975a639;Push Down Method;Push Down Method	public VolumeChooserEnvironment(tableId TableId, endRow Text, context ServerContext) from class org.apache.accumulo.server.fs.VolumeChooserEnvironment to public VolumeChooserEnvironmentImpl(tableId TableId, endRow Text, context ServerContext) from class org.apache.accumulo.server.fs.VolumeChooserEnvironmentImpl
757f62b5a1e2abd6d97d803f5325fdae622167eb;Move And Rename Class;Move And Rename Class	org.apache.accumulo.core.clientImpl.NamespaceTest moved and renamed to org.apache.accumulo.core.data.NamespaceIdTest
757f62b5a1e2abd6d97d803f5325fdae622167eb;Move And Rename Class;Move And Rename Class	org.apache.accumulo.core.clientImpl.TableTest moved and renamed to org.apache.accumulo.core.data.TableIdTest
757f62b5a1e2abd6d97d803f5325fdae622167eb;Move And Rename Class;Move And Rename Class	org.apache.accumulo.core.clientImpl.Namespace.ID moved and renamed to org.apache.accumulo.core.data.TableId
757f62b5a1e2abd6d97d803f5325fdae622167eb;Move And Rename Class;Move And Rename Class	org.apache.accumulo.core.clientImpl.Table.ID moved and renamed to org.apache.accumulo.core.data.NamespaceId
757f62b5a1e2abd6d97d803f5325fdae622167eb;Extract Superclass;Extract Superclass	org.apache.accumulo.core.data.AbstractId from classes [org.apache.accumulo.core.data.NamespaceId, org.apache.accumulo.core.data.TableId]
757f62b5a1e2abd6d97d803f5325fdae622167eb;Rename Parameter;Rename Parameter	tableId : AbstractId to id : AbstractId<?> in method public getReadLock(env Master, id AbstractId<?>, tid long) : Lock in class org.apache.accumulo.master.tableOps.Utils
bc0e76a1192bb69f8acb85fdab464f6f2bcaee2b;Move And Rename Class;Move And Rename Class	org.apache.accumulo.tserver.compaction.TwoTierCompactionStrategy moved and renamed to org.apache.accumulo.tserver.compaction.strategies.BasicCompactionStrategy
bc0e76a1192bb69f8acb85fdab464f6f2bcaee2b;Move And Rename Class;Move And Rename Class	org.apache.accumulo.tserver.compaction.TwoTierCompactionStrategyTest moved and renamed to org.apache.accumulo.tserver.compaction.strategies.BasicCompactionStrategyTest
bc0e76a1192bb69f8acb85fdab464f6f2bcaee2b;Extract Method;Extract Method	public testSizeLimit(opt String, slcs CompactionStrategy) : void extracted from public testLimits() : void in class org.apache.accumulo.tserver.compaction.SizeLimitCompactionStrategyTest
bc0e76a1192bb69f8acb85fdab464f6f2bcaee2b;Rename Variable;Rename Variable	threshold : String to largeThresh : String in method public init(options Map<String,String>) : void in class org.apache.accumulo.tserver.compaction.strategies.BasicCompactionStrategy
bc0e76a1192bb69f8acb85fdab464f6f2bcaee2b;Rename Attribute;Rename Attribute	largeFileCompressionType : String to largeCompress : String in class org.apache.accumulo.tserver.compaction.strategies.BasicCompactionStrategy
bc0e76a1192bb69f8acb85fdab464f6f2bcaee2b;Rename Attribute;Rename Attribute	largeFileCompressionThreshold : Long to largeThresh : Long in class org.apache.accumulo.tserver.compaction.strategies.BasicCompactionStrategy
bc0e76a1192bb69f8acb85fdab464f6f2bcaee2b;Rename Method;Rename Method	public testMissingConfigProperties() : void renamed to public testMissingType() : void in class org.apache.accumulo.tserver.compaction.strategies.BasicCompactionStrategyTest
06247cbb2d89747df660c31f3bb167c591e714f3;Move Method;Move Method	public isUserCompaction() : boolean from class org.apache.accumulo.core.clientImpl.BaseIteratorEnvironment to package isUserCompaction() : boolean from class org.apache.accumulo.core.iterators.IteratorEnvironment
06247cbb2d89747df660c31f3bb167c591e714f3;Move Method;Move Method	public isUserCompaction() : boolean from class org.apache.accumulo.iteratortest.environments.SimpleIteratorEnvironment to package isUserCompaction() : boolean from class org.apache.accumulo.core.iterators.IteratorEnvironment
07933f08e3c7054c64d33378fd0a28c723c95a1b;Extract Method;Extract Method	private getScanIds(client AccumuloClient) : Set<Long> extracted from public testScanId() : void in class org.apache.accumulo.test.functional.ScanIdIT
e26532a022574551f8c76869e8eb9f878b524a5a;Rename Attribute;Rename Attribute	scanner : Scanner to client : AccumuloClient in class org.apache.accumulo.test.functional.ConcurrencyIT.ScanTask
a423f954cbeca9ac0873e147f7e00124b2d116a7;Extract Variable;Extract Variable	defaultVolume : Volume in method public get(conf AccumuloConfiguration, hadoopConf Configuration) : VolumeManager from class org.apache.accumulo.server.fs.VolumeManagerImpl
b161b6600a89bca090dd2ce4138c132dfa35d672;Rename Parameter;Rename Parameter	conf : AccumuloConfiguration to context : ServerContext in method public getTablesDirs(context ServerContext) : String[] in class org.apache.accumulo.server.ServerConstants
b161b6600a89bca090dd2ce4138c132dfa35d672;Rename Parameter;Rename Parameter	conf : AccumuloConfiguration to context : ServerContext in method public getRecoveryDirs(context ServerContext) : String[] in class org.apache.accumulo.server.ServerConstants
b161b6600a89bca090dd2ce4138c132dfa35d672;Parameterize Variable;Parameterize Variable	fsConf : Configuration to hadoopConf : Configuration in method private initialize(siteConfig SiteConfiguration, hadoopConf Configuration, opts Opts, instanceNamePath String, fs VolumeManager, rootUser String) : boolean in class org.apache.accumulo.server.init.Initialize
b161b6600a89bca090dd2ce4138c132dfa35d672;Parameterize Variable;Parameterize Variable	conf : Configuration to hadoopConf : Configuration in method public initSystemTablesConfig(zoo ZooReaderWriter, zooKeeperRoot String, hadoopConf Configuration) : void in class org.apache.accumulo.server.init.Initialize
1bb6226aa9c10060d7e01c66dbc5145c269aaecf;Rename Variable;Rename Variable	p : Process to pi : ProcessInfo in method public execWithStdout(clz Class<?>, args String[]) : Entry<Integer,String> in class org.apache.accumulo.miniclusterImpl.MiniAccumuloClusterControl
7db5a0d8b4ca9fb3abde81c4f1caa6ff24af5685;Extract Method;Extract Method	private createAndVerify(accumuloClient AccumuloClient, ns String, expectedVolumes String) : void extracted from public twoTablesRandomVolumeChooser() : void in class org.apache.accumulo.test.VolumeChooserIT
7db5a0d8b4ca9fb3abde81c4f1caa6ff24af5685;Extract Method;Extract Method	private createAndVerify(accumuloClient AccumuloClient, ns String, expectedVolumes String) : void extracted from public twoTablesDiffChoosers() : void in class org.apache.accumulo.test.VolumeChooserIT
7db5a0d8b4ca9fb3abde81c4f1caa6ff24af5685;Rename Attribute;Rename Attribute	rows : String[] to alpha_rows : String[] in class org.apache.accumulo.test.VolumeChooserIT
7db5a0d8b4ca9fb3abde81c4f1caa6ff24af5685;Extract Method;Extract Method	private verifyAndShutdownCluster(c AccumuloClient, conf PropertiesConfiguration, tableName String) : String extracted from public testAddVolumes() : void in class org.apache.accumulo.test.VolumeIT
7db5a0d8b4ca9fb3abde81c4f1caa6ff24af5685;Extract Method;Extract Method	private verifyAndShutdownCluster(c AccumuloClient, conf PropertiesConfiguration, tableName String) : String extracted from public testNonConfiguredVolumes() : void in class org.apache.accumulo.test.VolumeIT
7db5a0d8b4ca9fb3abde81c4f1caa6ff24af5685;Extract Method;Extract Method	private checkVolumesInitialized(volumes List<Path>, uuid String) : void extracted from public testAddVolumes() : void in class org.apache.accumulo.test.VolumeIT
7db5a0d8b4ca9fb3abde81c4f1caa6ff24af5685;Extract Method;Extract Method	private checkVolumesInitialized(volumes List<Path>, uuid String) : void extracted from public testNonConfiguredVolumes() : void in class org.apache.accumulo.test.VolumeIT
c7a54c80b937fd606ebdd6b3672f837f65b6258f;Replace Variable With Attribute;Replace Variable With Attribute	conf : Configuration to hadoopConf : Configuration in method public reserveMapFileReader(mapFileName String) : SortedKeyValueIterator<Key,Value> in class org.apache.accumulo.core.iterators.DefaultIteratorEnvironment
6481ccca5486f5aa8c475fb2a9479bea96034368;Move Class;Move Class	org.apache.accumulo.core.clientImpl.Bulk moved to org.apache.accumulo.core.clientImpl.bulk.Bulk
6481ccca5486f5aa8c475fb2a9479bea96034368;Move Class;Move Class	org.apache.accumulo.core.clientImpl.BulkImport moved to org.apache.accumulo.core.clientImpl.bulk.BulkImport
6481ccca5486f5aa8c475fb2a9479bea96034368;Move Class;Move Class	org.apache.accumulo.core.clientImpl.BulkSerialize moved to org.apache.accumulo.core.clientImpl.bulk.BulkSerialize
6481ccca5486f5aa8c475fb2a9479bea96034368;Move Class;Move Class	org.apache.accumulo.core.clientImpl.ConcurrentKeyExtentCache moved to org.apache.accumulo.core.clientImpl.bulk.ConcurrentKeyExtentCache
6481ccca5486f5aa8c475fb2a9479bea96034368;Move Class;Move Class	org.apache.accumulo.core.clientImpl.BulkSerializeTest moved to org.apache.accumulo.core.clientImpl.bulk.BulkSerializeTest
6481ccca5486f5aa8c475fb2a9479bea96034368;Move Class;Move Class	org.apache.accumulo.core.clientImpl.ConcurrentKeyExtentCacheTest moved to org.apache.accumulo.core.clientImpl.bulk.ConcurrentKeyExtentCacheTest
6481ccca5486f5aa8c475fb2a9479bea96034368;Move Class;Move Class	org.apache.accumulo.core.clientImpl.BulkSerialize.LoadMappingIterator moved to org.apache.accumulo.core.clientImpl.bulk.LoadMappingIterator
6481ccca5486f5aa8c475fb2a9479bea96034368;Extract Method;Extract Method	private findOverlappingTablets(loadRange KeyExtent, tabletIter Iterator<TabletMetadata>) : List<TabletMetadata> extracted from private loadFiles(tableId Table.ID, bulkDir Path, lmi LoadMappingIterator, master Master, tid long) : long in class org.apache.accumulo.master.tableOps.bulkVer2.LoadFiles
6481ccca5486f5aa8c475fb2a9479bea96034368;Inline Variable;Inline Variable	fke : KeyExtent in method private loadFiles(tableId Table.ID, bulkDir Path, lmi LoadMappingIterator, master Master, tid long) : long from class org.apache.accumulo.master.tableOps.bulkVer2.LoadFiles
6481ccca5486f5aa8c475fb2a9479bea96034368;Inline Variable;Inline Variable	files : Files in method private loadFiles(tableId Table.ID, bulkDir Path, lmi LoadMappingIterator, master Master, tid long) : long from class org.apache.accumulo.master.tableOps.bulkVer2.LoadFiles
6481ccca5486f5aa8c475fb2a9479bea96034368;Inline Variable;Inline Variable	t2 : long in method private loadFiles(tableId Table.ID, bulkDir Path, lmi LoadMappingIterator, master Master, tid long) : long from class org.apache.accumulo.master.tableOps.bulkVer2.LoadFiles
e66d1031ba4b32e270d3230fe49fa9e839663c50;Extract Method;Extract Method	private getNextBatch() : List<KeyValue> extracted from public hasNext() : boolean in class org.apache.accumulo.core.clientImpl.ScannerIterator
44b4af2c5243f7c123ea22e364b70158512a0643;Rename Variable;Rename Variable	clientInfo : ClientInfo to clientProps : Properties in method public checkOutputSpecs(ignored FileSystem, job JobConf) : void in class org.apache.accumulo.hadoop.mapred.AccumuloOutputFormat
44b4af2c5243f7c123ea22e364b70158512a0643;Rename Variable;Rename Variable	clientInfo : ClientInfo to clientProps : Properties in method public checkOutputSpecs(job JobContext) : void in class org.apache.accumulo.hadoop.mapreduce.AccumuloOutputFormat
44b4af2c5243f7c123ea22e364b70158512a0643;Inline Method;Inline Method	private getClientInfo(context JobContext, callingClass Class<?>) : ClientInfo inlined to private createClient(context JobContext, callingClass Class<?>) : AccumuloClient in class org.apache.accumulo.hadoopImpl.mapreduce.AccumuloRecordReader
44b4af2c5243f7c123ea22e364b70158512a0643;Inline Method;Inline Method	private getUserAuths(clientInfo ClientInfo) : Authorizations inlined to private _store(conf Configuration) : void in class org.apache.accumulo.hadoopImpl.mapreduce.InputFormatBuilderImpl
44b4af2c5243f7c123ea22e364b70158512a0643;Rename Method;Rename Method	public isConnectorInfoSet(implementingClass Class<?>, conf Configuration) : Boolean renamed to public isClientConfigured(implementingClass Class<?>, conf Configuration) : Boolean in class org.apache.accumulo.hadoopImpl.mapreduce.lib.ConfiguratorBase
44b4af2c5243f7c123ea22e364b70158512a0643;Rename Method;Rename Method	public testSetClientInfo() : void renamed to public testSetClientProperties() : void in class org.apache.accumulo.hadoopImpl.mapreduce.lib.ConfiguratorBaseTest
b78f8e90789c824fa1802fcfee9c4193dc572606;Rename Variable;Rename Variable	conn : Connector to client : ClientContext in method public setConnectorInfo(job JobConf, principal String, token AuthenticationToken) : void in class org.apache.accumulo.core.client.mapred.AccumuloOutputFormat
b78f8e90789c824fa1802fcfee9c4193dc572606;Rename Parameter;Rename Parameter	context : JobContext to job : JobContext in method protected isConnectorInfoSet(job JobContext) : Boolean in class org.apache.accumulo.core.client.mapreduce.AbstractInputFormat
b78f8e90789c824fa1802fcfee9c4193dc572606;Rename Parameter;Rename Parameter	context : JobContext to job : JobContext in method protected getPrincipal(job JobContext) : String in class org.apache.accumulo.core.client.mapreduce.AbstractInputFormat
b78f8e90789c824fa1802fcfee9c4193dc572606;Rename Parameter;Rename Parameter	context : JobContext to job : JobContext in method protected getTokenClass(job JobContext) : String in class org.apache.accumulo.core.client.mapreduce.AbstractInputFormat
b78f8e90789c824fa1802fcfee9c4193dc572606;Rename Parameter;Rename Parameter	context : JobContext to job : JobContext in method protected getToken(job JobContext) : byte[] in class org.apache.accumulo.core.client.mapreduce.AbstractInputFormat
b78f8e90789c824fa1802fcfee9c4193dc572606;Rename Parameter;Rename Parameter	context : JobContext to job : JobContext in method protected getAuthenticationToken(job JobContext) : AuthenticationToken in class org.apache.accumulo.core.client.mapreduce.AbstractInputFormat
b78f8e90789c824fa1802fcfee9c4193dc572606;Rename Parameter;Rename Parameter	context : JobContext to job : JobContext in method protected getInstance(job JobContext) : Instance in class org.apache.accumulo.core.client.mapreduce.AbstractInputFormat
b78f8e90789c824fa1802fcfee9c4193dc572606;Rename Parameter;Rename Parameter	context : JobContext to job : JobContext in method protected getLogLevel(job JobContext) : Level in class org.apache.accumulo.core.client.mapreduce.AbstractInputFormat
b78f8e90789c824fa1802fcfee9c4193dc572606;Rename Parameter;Rename Parameter	context : JobContext to job : JobContext in method protected getScanAuthorizations(job JobContext) : Authorizations in class org.apache.accumulo.core.client.mapreduce.AbstractInputFormat
b78f8e90789c824fa1802fcfee9c4193dc572606;Rename Parameter;Rename Parameter	context : JobContext to job : JobContext in method protected getInputTableConfigs(job JobContext) : Map<String,InputTableConfig> in class org.apache.accumulo.core.client.mapreduce.AbstractInputFormat
b78f8e90789c824fa1802fcfee9c4193dc572606;Rename Parameter;Rename Parameter	context : JobContext to job : JobContext in method protected getInputTableConfig(job JobContext, tableName String) : InputTableConfig in class org.apache.accumulo.core.client.mapreduce.AbstractInputFormat
b78f8e90789c824fa1802fcfee9c4193dc572606;Rename Parameter;Rename Parameter	context : JobContext to job : JobContext in method protected validateOptions(job JobContext) : void in class org.apache.accumulo.core.client.mapreduce.AbstractInputFormat
b78f8e90789c824fa1802fcfee9c4193dc572606;Rename Parameter;Rename Parameter	context : JobContext to job : JobContext in method protected getClientConfiguration(job JobContext) : ClientConfiguration in class org.apache.accumulo.core.client.mapreduce.AbstractInputFormat
b78f8e90789c824fa1802fcfee9c4193dc572606;Rename Parameter;Rename Parameter	context : JobContext to job : JobContext in method public getSplits(job JobContext) : List<InputSplit> in class org.apache.accumulo.core.client.mapreduce.AbstractInputFormat
b78f8e90789c824fa1802fcfee9c4193dc572606;Rename Variable;Rename Variable	conn : Connector to client : ClientContext in method public setConnectorInfo(job Job, principal String, token AuthenticationToken) : void in class org.apache.accumulo.core.client.mapreduce.AccumuloOutputFormat
05d564fce5e70a4cf0de5405e4eff265419a5afe;Move Class;Move Class	org.apache.accumulo.hadoopImpl.mapred.AccumuloOutputFormatImpl.AccumuloRecordWriter moved to org.apache.accumulo.hadoopImpl.mapred.AccumuloRecordWriter
05d564fce5e70a4cf0de5405e4eff265419a5afe;Move Class;Move Class	org.apache.accumulo.hadoopImpl.mapreduce.AccumuloOutputFormatImpl.AccumuloRecordWriter moved to org.apache.accumulo.hadoopImpl.mapreduce.AccumuloRecordWriter
05d564fce5e70a4cf0de5405e4eff265419a5afe;Move And Rename Class;Move And Rename Class	org.apache.accumulo.hadoopImpl.mapred.AbstractInputFormat.AbstractRecordReader moved and renamed to org.apache.accumulo.hadoopImpl.mapreduce.AccumuloRecordReader
05d564fce5e70a4cf0de5405e4eff265419a5afe;Move And Rename Class;Move And Rename Class	org.apache.accumulo.hadoopImpl.mapreduce.AbstractInputFormat.AbstractRecordReader moved and renamed to org.apache.accumulo.hadoopImpl.mapred.AccumuloRecordReader
05d564fce5e70a4cf0de5405e4eff265419a5afe;Extract Method;Extract Method	private _store(conf Configuration) : void extracted from private store(job Job) : void in class org.apache.accumulo.hadoopImpl.mapreduce.InputFormatBuilderImpl
05d564fce5e70a4cf0de5405e4eff265419a5afe;Rename Variable;Rename Variable	multiRangeSplit : BatchInputSplit to batchSplit : BatchInputSplit in method public initialize(inSplit InputSplit, attempt TaskAttemptContext) : void in class org.apache.accumulo.hadoopImpl.mapreduce.AccumuloRecordReader
05d564fce5e70a4cf0de5405e4eff265419a5afe;Rename Variable;Rename Variable	batchSplit : BatchInputSplit to multiRangeSplit : BatchInputSplit in method public initialize(inSplit InputSplit, job JobConf) : void in class org.apache.accumulo.hadoopImpl.mapred.AccumuloRecordReader
05d564fce5e70a4cf0de5405e4eff265419a5afe;Rename Parameter;Rename Parameter	attempt : TaskAttemptContext to job : JobConf in method public initialize(inSplit InputSplit, job JobConf) : void in class org.apache.accumulo.hadoopImpl.mapred.AccumuloRecordReader
0930e896e222193d6edd50d0c40d14a4078fdf6c;Rename Variable;Rename Variable	_i329 : int to _i339 : int in method public read(prot TProtocol, struct loadFiles_args) : void in class org.apache.accumulo.core.tabletserver.thrift.TabletClientService.loadFiles_args.loadFiles_argsTupleScheme
0930e896e222193d6edd50d0c40d14a4078fdf6c;Rename Variable;Rename Variable	_list330 : TList to _list340 : TList in method public read(iprot TProtocol, struct getTabletStats_result) : void in class org.apache.accumulo.core.tabletserver.thrift.TabletClientService.getTabletStats_result.getTabletStats_resultStandardScheme
0930e896e222193d6edd50d0c40d14a4078fdf6c;Rename Variable;Rename Variable	_elem331 : TabletStats to _elem341 : TabletStats in method public read(iprot TProtocol, struct getTabletStats_result) : void in class org.apache.accumulo.core.tabletserver.thrift.TabletClientService.getTabletStats_result.getTabletStats_resultStandardScheme
0930e896e222193d6edd50d0c40d14a4078fdf6c;Rename Variable;Rename Variable	_i332 : int to _i342 : int in method public read(iprot TProtocol, struct getTabletStats_result) : void in class org.apache.accumulo.core.tabletserver.thrift.TabletClientService.getTabletStats_result.getTabletStats_resultStandardScheme
0930e896e222193d6edd50d0c40d14a4078fdf6c;Rename Variable;Rename Variable	_iter333 : TabletStats to _iter343 : TabletStats in method public write(oprot TProtocol, struct getTabletStats_result) : void in class org.apache.accumulo.core.tabletserver.thrift.TabletClientService.getTabletStats_result.getTabletStats_resultStandardScheme
0930e896e222193d6edd50d0c40d14a4078fdf6c;Rename Variable;Rename Variable	_iter334 : TabletStats to _iter344 : TabletStats in method public write(prot TProtocol, struct getTabletStats_result) : void in class org.apache.accumulo.core.tabletserver.thrift.TabletClientService.getTabletStats_result.getTabletStats_resultTupleScheme
0930e896e222193d6edd50d0c40d14a4078fdf6c;Rename Variable;Rename Variable	_list335 : TList to _list345 : TList in method public read(prot TProtocol, struct getTabletStats_result) : void in class org.apache.accumulo.core.tabletserver.thrift.TabletClientService.getTabletStats_result.getTabletStats_resultTupleScheme
0930e896e222193d6edd50d0c40d14a4078fdf6c;Rename Variable;Rename Variable	_elem336 : TabletStats to _elem346 : TabletStats in method public read(prot TProtocol, struct getTabletStats_result) : void in class org.apache.accumulo.core.tabletserver.thrift.TabletClientService.getTabletStats_result.getTabletStats_resultTupleScheme
0930e896e222193d6edd50d0c40d14a4078fdf6c;Rename Variable;Rename Variable	_i337 : int to _i347 : int in method public read(prot TProtocol, struct getTabletStats_result) : void in class org.apache.accumulo.core.tabletserver.thrift.TabletClientService.getTabletStats_result.getTabletStats_resultTupleScheme
0930e896e222193d6edd50d0c40d14a4078fdf6c;Rename Variable;Rename Variable	_list338 : TList to _list348 : TList in method public read(iprot TProtocol, struct getActiveScans_result) : void in class org.apache.accumulo.core.tabletserver.thrift.TabletClientService.getActiveScans_result.getActiveScans_resultStandardScheme
0930e896e222193d6edd50d0c40d14a4078fdf6c;Rename Variable;Rename Variable	_elem339 : ActiveScan to _elem349 : ActiveScan in method public read(iprot TProtocol, struct getActiveScans_result) : void in class org.apache.accumulo.core.tabletserver.thrift.TabletClientService.getActiveScans_result.getActiveScans_resultStandardScheme
0930e896e222193d6edd50d0c40d14a4078fdf6c;Rename Variable;Rename Variable	_i340 : int to _i350 : int in method public read(iprot TProtocol, struct getActiveScans_result) : void in class org.apache.accumulo.core.tabletserver.thrift.TabletClientService.getActiveScans_result.getActiveScans_resultStandardScheme
0930e896e222193d6edd50d0c40d14a4078fdf6c;Rename Variable;Rename Variable	_iter341 : ActiveScan to _iter351 : ActiveScan in method public write(oprot TProtocol, struct getActiveScans_result) : void in class org.apache.accumulo.core.tabletserver.thrift.TabletClientService.getActiveScans_result.getActiveScans_resultStandardScheme
0930e896e222193d6edd50d0c40d14a4078fdf6c;Rename Variable;Rename Variable	_iter342 : ActiveScan to _iter352 : ActiveScan in method public write(prot TProtocol, struct getActiveScans_result) : void in class org.apache.accumulo.core.tabletserver.thrift.TabletClientService.getActiveScans_result.getActiveScans_resultTupleScheme
0930e896e222193d6edd50d0c40d14a4078fdf6c;Rename Variable;Rename Variable	_list343 : TList to _list353 : TList in method public read(prot TProtocol, struct getActiveScans_result) : void in class org.apache.accumulo.core.tabletserver.thrift.TabletClientService.getActiveScans_result.getActiveScans_resultTupleScheme
0930e896e222193d6edd50d0c40d14a4078fdf6c;Rename Variable;Rename Variable	_elem344 : ActiveScan to _elem354 : ActiveScan in method public read(prot TProtocol, struct getActiveScans_result) : void in class org.apache.accumulo.core.tabletserver.thrift.TabletClientService.getActiveScans_result.getActiveScans_resultTupleScheme
0930e896e222193d6edd50d0c40d14a4078fdf6c;Rename Variable;Rename Variable	_i345 : int to _i355 : int in method public read(prot TProtocol, struct getActiveScans_result) : void in class org.apache.accumulo.core.tabletserver.thrift.TabletClientService.getActiveScans_result.getActiveScans_resultTupleScheme
0930e896e222193d6edd50d0c40d14a4078fdf6c;Rename Variable;Rename Variable	_list346 : TList to _list356 : TList in method public read(iprot TProtocol, struct getActiveCompactions_result) : void in class org.apache.accumulo.core.tabletserver.thrift.TabletClientService.getActiveCompactions_result.getActiveCompactions_resultStandardScheme
0930e896e222193d6edd50d0c40d14a4078fdf6c;Rename Variable;Rename Variable	_elem347 : ActiveCompaction to _elem357 : ActiveCompaction in method public read(iprot TProtocol, struct getActiveCompactions_result) : void in class org.apache.accumulo.core.tabletserver.thrift.TabletClientService.getActiveCompactions_result.getActiveCompactions_resultStandardScheme
0930e896e222193d6edd50d0c40d14a4078fdf6c;Rename Variable;Rename Variable	_i348 : int to _i358 : int in method public read(iprot TProtocol, struct getActiveCompactions_result) : void in class org.apache.accumulo.core.tabletserver.thrift.TabletClientService.getActiveCompactions_result.getActiveCompactions_resultStandardScheme
0930e896e222193d6edd50d0c40d14a4078fdf6c;Rename Variable;Rename Variable	_iter349 : ActiveCompaction to _iter359 : ActiveCompaction in method public write(oprot TProtocol, struct getActiveCompactions_result) : void in class org.apache.accumulo.core.tabletserver.thrift.TabletClientService.getActiveCompactions_result.getActiveCompactions_resultStandardScheme
0930e896e222193d6edd50d0c40d14a4078fdf6c;Rename Variable;Rename Variable	_iter350 : ActiveCompaction to _iter360 : ActiveCompaction in method public write(prot TProtocol, struct getActiveCompactions_result) : void in class org.apache.accumulo.core.tabletserver.thrift.TabletClientService.getActiveCompactions_result.getActiveCompactions_resultTupleScheme
0930e896e222193d6edd50d0c40d14a4078fdf6c;Rename Variable;Rename Variable	_list351 : TList to _list361 : TList in method public read(prot TProtocol, struct getActiveCompactions_result) : void in class org.apache.accumulo.core.tabletserver.thrift.TabletClientService.getActiveCompactions_result.getActiveCompactions_resultTupleScheme
0930e896e222193d6edd50d0c40d14a4078fdf6c;Rename Variable;Rename Variable	_elem352 : ActiveCompaction to _elem362 : ActiveCompaction in method public read(prot TProtocol, struct getActiveCompactions_result) : void in class org.apache.accumulo.core.tabletserver.thrift.TabletClientService.getActiveCompactions_result.getActiveCompactions_resultTupleScheme
0930e896e222193d6edd50d0c40d14a4078fdf6c;Rename Variable;Rename Variable	_i353 : int to _i363 : int in method public read(prot TProtocol, struct getActiveCompactions_result) : void in class org.apache.accumulo.core.tabletserver.thrift.TabletClientService.getActiveCompactions_result.getActiveCompactions_resultTupleScheme
0930e896e222193d6edd50d0c40d14a4078fdf6c;Rename Variable;Rename Variable	_list354 : TList to _list364 : TList in method public read(iprot TProtocol, struct removeLogs_args) : void in class org.apache.accumulo.core.tabletserver.thrift.TabletClientService.removeLogs_args.removeLogs_argsStandardScheme
0930e896e222193d6edd50d0c40d14a4078fdf6c;Rename Variable;Rename Variable	_elem355 : java.lang.String to _elem365 : java.lang.String in method public read(iprot TProtocol, struct removeLogs_args) : void in class org.apache.accumulo.core.tabletserver.thrift.TabletClientService.removeLogs_args.removeLogs_argsStandardScheme
0930e896e222193d6edd50d0c40d14a4078fdf6c;Rename Variable;Rename Variable	_i356 : int to _i366 : int in method public read(iprot TProtocol, struct removeLogs_args) : void in class org.apache.accumulo.core.tabletserver.thrift.TabletClientService.removeLogs_args.removeLogs_argsStandardScheme
0930e896e222193d6edd50d0c40d14a4078fdf6c;Rename Variable;Rename Variable	_iter357 : java.lang.String to _iter367 : java.lang.String in method public write(oprot TProtocol, struct removeLogs_args) : void in class org.apache.accumulo.core.tabletserver.thrift.TabletClientService.removeLogs_args.removeLogs_argsStandardScheme
0930e896e222193d6edd50d0c40d14a4078fdf6c;Rename Variable;Rename Variable	_iter358 : java.lang.String to _iter368 : java.lang.String in method public write(prot TProtocol, struct removeLogs_args) : void in class org.apache.accumulo.core.tabletserver.thrift.TabletClientService.removeLogs_args.removeLogs_argsTupleScheme
0930e896e222193d6edd50d0c40d14a4078fdf6c;Rename Variable;Rename Variable	_list359 : TList to _list369 : TList in method public read(prot TProtocol, struct removeLogs_args) : void in class org.apache.accumulo.core.tabletserver.thrift.TabletClientService.removeLogs_args.removeLogs_argsTupleScheme
0930e896e222193d6edd50d0c40d14a4078fdf6c;Rename Variable;Rename Variable	_elem360 : java.lang.String to _elem370 : java.lang.String in method public read(prot TProtocol, struct removeLogs_args) : void in class org.apache.accumulo.core.tabletserver.thrift.TabletClientService.removeLogs_args.removeLogs_argsTupleScheme
0930e896e222193d6edd50d0c40d14a4078fdf6c;Rename Variable;Rename Variable	_i361 : int to _i371 : int in method public read(prot TProtocol, struct removeLogs_args) : void in class org.apache.accumulo.core.tabletserver.thrift.TabletClientService.removeLogs_args.removeLogs_argsTupleScheme
0930e896e222193d6edd50d0c40d14a4078fdf6c;Rename Variable;Rename Variable	_list362 : TList to _list372 : TList in method public read(iprot TProtocol, struct getActiveLogs_result) : void in class org.apache.accumulo.core.tabletserver.thrift.TabletClientService.getActiveLogs_result.getActiveLogs_resultStandardScheme
0930e896e222193d6edd50d0c40d14a4078fdf6c;Rename Variable;Rename Variable	_elem363 : java.lang.String to _elem373 : java.lang.String in method public read(iprot TProtocol, struct getActiveLogs_result) : void in class org.apache.accumulo.core.tabletserver.thrift.TabletClientService.getActiveLogs_result.getActiveLogs_resultStandardScheme
0930e896e222193d6edd50d0c40d14a4078fdf6c;Rename Variable;Rename Variable	_i364 : int to _i374 : int in method public read(iprot TProtocol, struct getActiveLogs_result) : void in class org.apache.accumulo.core.tabletserver.thrift.TabletClientService.getActiveLogs_result.getActiveLogs_resultStandardScheme
0930e896e222193d6edd50d0c40d14a4078fdf6c;Rename Variable;Rename Variable	_iter365 : java.lang.String to _iter375 : java.lang.String in method public write(oprot TProtocol, struct getActiveLogs_result) : void in class org.apache.accumulo.core.tabletserver.thrift.TabletClientService.getActiveLogs_result.getActiveLogs_resultStandardScheme
0930e896e222193d6edd50d0c40d14a4078fdf6c;Rename Variable;Rename Variable	_iter366 : java.lang.String to _iter376 : java.lang.String in method public write(prot TProtocol, struct getActiveLogs_result) : void in class org.apache.accumulo.core.tabletserver.thrift.TabletClientService.getActiveLogs_result.getActiveLogs_resultTupleScheme
0930e896e222193d6edd50d0c40d14a4078fdf6c;Rename Variable;Rename Variable	_list367 : TList to _list377 : TList in method public read(prot TProtocol, struct getActiveLogs_result) : void in class org.apache.accumulo.core.tabletserver.thrift.TabletClientService.getActiveLogs_result.getActiveLogs_resultTupleScheme
0930e896e222193d6edd50d0c40d14a4078fdf6c;Rename Variable;Rename Variable	_elem368 : java.lang.String to _elem378 : java.lang.String in method public read(prot TProtocol, struct getActiveLogs_result) : void in class org.apache.accumulo.core.tabletserver.thrift.TabletClientService.getActiveLogs_result.getActiveLogs_resultTupleScheme
0930e896e222193d6edd50d0c40d14a4078fdf6c;Rename Variable;Rename Variable	_i369 : int to _i379 : int in method public read(prot TProtocol, struct getActiveLogs_result) : void in class org.apache.accumulo.core.tabletserver.thrift.TabletClientService.getActiveLogs_result.getActiveLogs_resultTupleScheme
0930e896e222193d6edd50d0c40d14a4078fdf6c;Rename Variable;Rename Variable	_map370 : TMap to _map380 : TMap in method public read(iprot TProtocol, struct startGetSummariesFromFiles_args) : void in class org.apache.accumulo.core.tabletserver.thrift.TabletClientService.startGetSummariesFromFiles_args.startGetSummariesFromFiles_argsStandardScheme
0930e896e222193d6edd50d0c40d14a4078fdf6c;Rename Variable;Rename Variable	_key371 : java.lang.String to _key381 : java.lang.String in method public read(iprot TProtocol, struct startGetSummariesFromFiles_args) : void in class org.apache.accumulo.core.tabletserver.thrift.TabletClientService.startGetSummariesFromFiles_args.startGetSummariesFromFiles_argsStandardScheme
0930e896e222193d6edd50d0c40d14a4078fdf6c;Rename Variable;Rename Variable	_val372 : java.util.List<org.apache.accumulo.core.dataImpl.thrift.TRowRange> to _val382 : java.util.List<org.apache.accumulo.core.dataImpl.thrift.TRowRange> in method public read(iprot TProtocol, struct startGetSummariesFromFiles_args) : void in class org.apache.accumulo.core.tabletserver.thrift.TabletClientService.startGetSummariesFromFiles_args.startGetSummariesFromFiles_argsStandardScheme
0930e896e222193d6edd50d0c40d14a4078fdf6c;Rename Variable;Rename Variable	_list374 : TList to _list384 : TList in method public read(iprot TProtocol, struct startGetSummariesFromFiles_args) : void in class org.apache.accumulo.core.tabletserver.thrift.TabletClientService.startGetSummariesFromFiles_args.startGetSummariesFromFiles_argsStandardScheme
0930e896e222193d6edd50d0c40d14a4078fdf6c;Rename Variable;Rename Variable	_elem375 : TRowRange to _elem385 : TRowRange in method public read(iprot TProtocol, struct startGetSummariesFromFiles_args) : void in class org.apache.accumulo.core.tabletserver.thrift.TabletClientService.startGetSummariesFromFiles_args.startGetSummariesFromFiles_argsStandardScheme
0930e896e222193d6edd50d0c40d14a4078fdf6c;Rename Variable;Rename Variable	_i376 : int to _i386 : int in method public read(iprot TProtocol, struct startGetSummariesFromFiles_args) : void in class org.apache.accumulo.core.tabletserver.thrift.TabletClientService.startGetSummariesFromFiles_args.startGetSummariesFromFiles_argsStandardScheme
0930e896e222193d6edd50d0c40d14a4078fdf6c;Rename Variable;Rename Variable	_i373 : int to _i383 : int in method public read(iprot TProtocol, struct startGetSummariesFromFiles_args) : void in class org.apache.accumulo.core.tabletserver.thrift.TabletClientService.startGetSummariesFromFiles_args.startGetSummariesFromFiles_argsStandardScheme
0930e896e222193d6edd50d0c40d14a4078fdf6c;Rename Variable;Rename Variable	_iter377 : Map.Entry<java.lang.String,java.util.List<org.apache.accumulo.core.dataImpl.thrift.TRowRange>> to _iter387 : Map.Entry<java.lang.String,java.util.List<org.apache.accumulo.core.dataImpl.thrift.TRowRange>> in method public write(oprot TProtocol, struct startGetSummariesFromFiles_args) : void in class org.apache.accumulo.core.tabletserver.thrift.TabletClientService.startGetSummariesFromFiles_args.startGetSummariesFromFiles_argsStandardScheme
0930e896e222193d6edd50d0c40d14a4078fdf6c;Rename Variable;Rename Variable	_iter378 : TRowRange to _iter388 : TRowRange in method public write(oprot TProtocol, struct startGetSummariesFromFiles_args) : void in class org.apache.accumulo.core.tabletserver.thrift.TabletClientService.startGetSummariesFromFiles_args.startGetSummariesFromFiles_argsStandardScheme
0930e896e222193d6edd50d0c40d14a4078fdf6c;Rename Variable;Rename Variable	_iter379 : Map.Entry<java.lang.String,java.util.List<org.apache.accumulo.core.dataImpl.thrift.TRowRange>> to _iter389 : Map.Entry<java.lang.String,java.util.List<org.apache.accumulo.core.dataImpl.thrift.TRowRange>> in method public write(prot TProtocol, struct startGetSummariesFromFiles_args) : void in class org.apache.accumulo.core.tabletserver.thrift.TabletClientService.startGetSummariesFromFiles_args.startGetSummariesFromFiles_argsTupleScheme
0930e896e222193d6edd50d0c40d14a4078fdf6c;Rename Variable;Rename Variable	_iter380 : TRowRange to _iter390 : TRowRange in method public write(prot TProtocol, struct startGetSummariesFromFiles_args) : void in class org.apache.accumulo.core.tabletserver.thrift.TabletClientService.startGetSummariesFromFiles_args.startGetSummariesFromFiles_argsTupleScheme
0930e896e222193d6edd50d0c40d14a4078fdf6c;Rename Variable;Rename Variable	_map381 : TMap to _map391 : TMap in method public read(prot TProtocol, struct startGetSummariesFromFiles_args) : void in class org.apache.accumulo.core.tabletserver.thrift.TabletClientService.startGetSummariesFromFiles_args.startGetSummariesFromFiles_argsTupleScheme
0930e896e222193d6edd50d0c40d14a4078fdf6c;Rename Variable;Rename Variable	_key382 : java.lang.String to _key392 : java.lang.String in method public read(prot TProtocol, struct startGetSummariesFromFiles_args) : void in class org.apache.accumulo.core.tabletserver.thrift.TabletClientService.startGetSummariesFromFiles_args.startGetSummariesFromFiles_argsTupleScheme
0930e896e222193d6edd50d0c40d14a4078fdf6c;Rename Variable;Rename Variable	_val383 : java.util.List<org.apache.accumulo.core.dataImpl.thrift.TRowRange> to _val393 : java.util.List<org.apache.accumulo.core.dataImpl.thrift.TRowRange> in method public read(prot TProtocol, struct startGetSummariesFromFiles_args) : void in class org.apache.accumulo.core.tabletserver.thrift.TabletClientService.startGetSummariesFromFiles_args.startGetSummariesFromFiles_argsTupleScheme
0930e896e222193d6edd50d0c40d14a4078fdf6c;Rename Variable;Rename Variable	_list385 : TList to _list395 : TList in method public read(prot TProtocol, struct startGetSummariesFromFiles_args) : void in class org.apache.accumulo.core.tabletserver.thrift.TabletClientService.startGetSummariesFromFiles_args.startGetSummariesFromFiles_argsTupleScheme
0930e896e222193d6edd50d0c40d14a4078fdf6c;Rename Variable;Rename Variable	_elem386 : TRowRange to _elem396 : TRowRange in method public read(prot TProtocol, struct startGetSummariesFromFiles_args) : void in class org.apache.accumulo.core.tabletserver.thrift.TabletClientService.startGetSummariesFromFiles_args.startGetSummariesFromFiles_argsTupleScheme
0930e896e222193d6edd50d0c40d14a4078fdf6c;Rename Variable;Rename Variable	_i387 : int to _i397 : int in method public read(prot TProtocol, struct startGetSummariesFromFiles_args) : void in class org.apache.accumulo.core.tabletserver.thrift.TabletClientService.startGetSummariesFromFiles_args.startGetSummariesFromFiles_argsTupleScheme
0930e896e222193d6edd50d0c40d14a4078fdf6c;Rename Variable;Rename Variable	_i384 : int to _i394 : int in method public read(prot TProtocol, struct startGetSummariesFromFiles_args) : void in class org.apache.accumulo.core.tabletserver.thrift.TabletClientService.startGetSummariesFromFiles_args.startGetSummariesFromFiles_argsTupleScheme
0930e896e222193d6edd50d0c40d14a4078fdf6c;Extract Method;Extract Method	private increment(tid long) : void extracted from public run(ztxBulk String, tid long, callable Callable<T>) : T in class org.apache.accumulo.server.zookeeper.TransactionWatcher
0930e896e222193d6edd50d0c40d14a4078fdf6c;Extract Method;Extract Method	private decrement(tid long) : void extracted from public run(ztxBulk String, tid long, callable Callable<T>) : T in class org.apache.accumulo.server.zookeeper.TransactionWatcher
0930e896e222193d6edd50d0c40d14a4078fdf6c;Extract Method;Extract Method	private addToQueue(server HostAndPort, extent KeyExtent, thriftImports Map<String,MapFileInfo>) : void extracted from package load(tablets List<TabletMetadata>, files Files) : void in class org.apache.accumulo.master.tableOps.bulkVer2.LoadFiles.OnlineLoader
0930e896e222193d6edd50d0c40d14a4078fdf6c;Extract Method;Extract Method	protected runTest(table String, fateTxid long, loader Loader) : void extracted from public testImportCompactionImport() : void in class org.apache.accumulo.test.functional.BulkFailureIT
577dd9a643574b79700ed3de076eb84f9d4d8124;Extract Variable;Extract Variable	rlr : RecoveryLogReader in method package RecoveryLogsIterator(fs VolumeManager, recoveryLogPaths List<Path>, start LogFileKey, end LogFileKey) from class org.apache.accumulo.tserver.log.RecoveryLogsIterator
d379b5f8d3db635046996d4cd39f502ab0dea7d8;Rename Parameter;Rename Parameter	s : int to start : int in method private verifyData(client AccumuloClient, table String, start int, end int, setTime boolean) : void in class org.apache.accumulo.test.functional.BulkLoadIT
d379b5f8d3db635046996d4cd39f502ab0dea7d8;Rename Parameter;Rename Parameter	e : int to end : int in method private verifyData(client AccumuloClient, table String, start int, end int, setTime boolean) : void in class org.apache.accumulo.test.functional.BulkLoadIT
91988183d0649e9fd09901e2c5905e9f7a678368;Extract Method;Extract Method	private setupReplication() : TServer extracted from public run() : void in class org.apache.accumulo.master.Master
91988183d0649e9fd09901e2c5905e9f7a678368;Extract Method;Extract Method	private setupReplication(aconf AccumuloConfiguration) : void extracted from public run() : void in class org.apache.accumulo.tserver.TabletServer
2c2840b1873282354fffad2d76774fd31cc2fd41;Extract Variable;Extract Variable	zdata : byte[] in method public getWalsInUse(tsi TServerInstance) : List<Path> from class org.apache.accumulo.server.log.WalStateManager
f3c86441a525686c4ceca926d593db0f0eb66af9;Rename Method;Rename Method	package countTrue(bools Collection<Boolean>) : int renamed to package countInUse(bools Collection<WalState>) : int in class org.apache.accumulo.test.functional.WALSunnyDayIT
3862a408bb927c6606bb85830740bc25bd620338;Extract Method;Extract Method	private setPropertyNoChecks(tableName String, property String, value String) : void extracted from public setProperty(tableName String, property String, value String) : void in class org.apache.accumulo.core.client.impl.TableOperationsImpl
3862a408bb927c6606bb85830740bc25bd620338;Extract Method;Extract Method	private removePropertyNoChecks(tableName String, property String) : void extracted from public removeProperty(tableName String, property String) : void in class org.apache.accumulo.core.client.impl.TableOperationsImpl
3862a408bb927c6606bb85830740bc25bd620338;Extract Method;Extract Method	protected getLocalityGroups(acuTableConf AccumuloConfiguration) : Map<String,Set<ByteSequence>> extracted from public call() : CompactionStats in class org.apache.accumulo.tserver.tablet.Compactor
56b21ca4395b54e525850437d70e7ec28568d2b3;Rename Parameter;Rename Parameter	tid : int to commitSession : CommitSession in method public TabletMutations(commitSession CommitSession, mutations List<Mutation>, durability Durability) in class org.apache.accumulo.tserver.TabletMutations
56b21ca4395b54e525850437d70e7ec28568d2b3;Extract Method;Extract Method	private logKeyData(key LogFileKey, d Durability) : LoggerOperation extracted from public open(address String) : void in class org.apache.accumulo.tserver.log.DfsLogger
56b21ca4395b54e525850437d70e7ec28568d2b3;Extract Method;Extract Method	private logKeyData(key LogFileKey, d Durability) : LoggerOperation extracted from public minorCompactionFinished(seq long, tid int, durability Durability) : LoggerOperation in class org.apache.accumulo.tserver.log.DfsLogger
56b21ca4395b54e525850437d70e7ec28568d2b3;Extract Method;Extract Method	private logKeyData(key LogFileKey, d Durability) : LoggerOperation extracted from public minorCompactionStarted(seq long, tid int, fqfn String, durability Durability) : LoggerOperation in class org.apache.accumulo.tserver.log.DfsLogger
9e66ba53cdc916a72d7bfd10dd5889913a517f0e;Extract Method;Extract Method	private getEmptyReader(factory SummarizerFactory) : SummaryReader extracted from public load(fs FileSystem, conf Configuration, aConf AccumuloConfiguration, factory SummarizerFactory, file Path, summarySelector Predicate<SummarizerConfiguration>, summaryCache BlockCache, indexCache BlockCache, fileLenCache Cache<String,Long>, cryptoService CryptoService) : SummaryReader in class org.apache.accumulo.core.summary.SummaryReader
a6fa30fa8716c5a0f9010948616d40015e1a1860;Rename Variable;Rename Variable	_cbr : CachableBlockFile.Reader to cb : CachableBuilder in method public openReader(cfsi boolean) : void in class org.apache.accumulo.core.file.rfile.RFileTest.TestRFile
22b0bf59bc8186f7ca29f769f459c3ecd8c46d78;Rename Method;Rename Method	private dump(out PrintStream, root String, child String, indent int) : void renamed to private writeXml(out PrintStream, root String) : void in class org.apache.accumulo.server.util.DumpZookeeper
22b0bf59bc8186f7ca29f769f459c3ecd8c46d78;Extract Method;Extract Method	private childXml(out PrintStream, root String, child String, indent int) : void extracted from private dump(out PrintStream, root String, child String, indent int) : void in class org.apache.accumulo.server.util.DumpZookeeper
22b0bf59bc8186f7ca29f769f459c3ecd8c46d78;Rename Variable;Rename Variable	c : String to child : String in method private writeXml(out PrintStream, root String) : void in class org.apache.accumulo.server.util.DumpZookeeper
14e0bd6f671ad12eada7a62aaa49243ca7eb000d;Inline Method;Inline Method	protected getInputTableConfigs(job JobConf) : Map<String,InputTableConfig> inlined to public getSplits(job JobConf) : InputSplit[] in class org.apache.accumulo.hadoopImpl.mapred.AbstractInputFormat
14e0bd6f671ad12eada7a62aaa49243ca7eb000d;Inline Method;Inline Method	public getInputTableConfigs(context JobContext) : Map<String,InputTableConfig> inlined to public getSplits(context JobContext) : List<InputSplit> in class org.apache.accumulo.hadoopImpl.mapreduce.AbstractInputFormat
14e0bd6f671ad12eada7a62aaa49243ca7eb000d;Move Attribute;Move Attribute	private context : Optional<String> from class org.apache.accumulo.hadoopImpl.mapreduce.InputFormatBuilderImpl to class org.apache.accumulo.hadoopImpl.mapreduce.InputTableConfig
14e0bd6f671ad12eada7a62aaa49243ca7eb000d;Move Attribute;Move Attribute	private batchScan : boolean from class org.apache.accumulo.hadoopImpl.mapreduce.InputFormatBuilderImpl.BuilderBooleans to class org.apache.accumulo.hadoopImpl.mapreduce.InputTableConfig
14e0bd6f671ad12eada7a62aaa49243ca7eb000d;Extract And Move Method;Extract And Move Method	public addIterator(cfg IteratorSetting) : void extracted from public addIterator(cfg IteratorSetting) : InputFormatBuilder.InputFormatOptions<T> in class org.apache.accumulo.hadoopImpl.mapreduce.InputFormatBuilderImpl & moved to class org.apache.accumulo.hadoopImpl.mapreduce.InputTableConfig
14e0bd6f671ad12eada7a62aaa49243ca7eb000d;Extract And Move Method;Extract And Move Method	public setUseBatchScan(value boolean) : void extracted from public batchScan(value boolean) : InputFormatOptions<T> in class org.apache.accumulo.hadoopImpl.mapreduce.InputFormatBuilderImpl & moved to class org.apache.accumulo.hadoopImpl.mapreduce.InputTableConfig
14e0bd6f671ad12eada7a62aaa49243ca7eb000d;Extract And Move Method;Extract And Move Method	public setScanAuths(scanAuths Authorizations) : InputTableConfig extracted from public auths(auths Authorizations) : InputFormatBuilder.InputFormatOptions<T> in class org.apache.accumulo.hadoopImpl.mapreduce.InputFormatBuilderImpl & moved to class org.apache.accumulo.hadoopImpl.mapreduce.InputTableConfig
14e0bd6f671ad12eada7a62aaa49243ca7eb000d;Extract And Move Method;Extract And Move Method	public setScanAuths(scanAuths Authorizations) : InputTableConfig extracted from private store(job Job) : void in class org.apache.accumulo.hadoopImpl.mapreduce.InputFormatBuilderImpl & moved to class org.apache.accumulo.hadoopImpl.mapreduce.InputTableConfig
14e0bd6f671ad12eada7a62aaa49243ca7eb000d;Extract And Move Method;Extract And Move Method	public setScanAuths(scanAuths Authorizations) : InputTableConfig extracted from private store(jobConf JobConf) : void in class org.apache.accumulo.hadoopImpl.mapreduce.InputFormatBuilderImpl & moved to class org.apache.accumulo.hadoopImpl.mapreduce.InputTableConfig
14e0bd6f671ad12eada7a62aaa49243ca7eb000d;Extract And Move Method;Extract And Move Method	public setContext(context String) : void extracted from public classLoaderContext(context String) : InputFormatBuilder.InputFormatOptions<T> in class org.apache.accumulo.hadoopImpl.mapreduce.InputFormatBuilderImpl & moved to class org.apache.accumulo.hadoopImpl.mapreduce.InputTableConfig
90dfad3b341a5098113ea8fdce28a0bc4511d067;Extract Method;Extract Method	private createMap(accumuloPropsLocation URL, overrides Map<String,String>) : ImmutableMap<String,String> extracted from public SiteConfiguration(accumuloPropsLocation URL, overrides Map<String,String>) in class org.apache.accumulo.core.conf.SiteConfiguration
90dfad3b341a5098113ea8fdce28a0bc4511d067;Rename Variable;Rename Variable	props : Map<String,String> to config : SiteConfiguration in method public testOnlySensitivePropertiesExtractedFromCredentialProvider() : void in class org.apache.accumulo.core.conf.SiteConfigurationTest
2297c0c3d03c49491dc1c2e82086572c136aa014;Extract Variable;Extract Variable	encryptedStream : OutputStream in method public open(address String) : void from class org.apache.accumulo.tserver.log.DfsLogger
2465562cd088b126bfb17523c33c8acd0a48309f;Move Class;Move Class	org.apache.accumulo.test.functional.MapReduceIT moved to org.apache.accumulo.test.mapreduce.MapReduceIT
2465562cd088b126bfb17523c33c8acd0a48309f;Move Attribute;Move Attribute	private tableName : String from class org.apache.accumulo.core.clientImpl.mapreduce.lib.MapReduceClientOnRequiredTable to class org.apache.accumulo.test.mapreduce.RowHash.Opts
2465562cd088b126bfb17523c33c8acd0a48309f;Move Method;Move Method	public getTableName() : String from class org.apache.accumulo.core.clientImpl.mapreduce.lib.MapReduceClientOnDefaultTable to public getTableName() : String from class org.apache.accumulo.test.mapreduce.RowHash.Opts
2465562cd088b126bfb17523c33c8acd0a48309f;Move Method;Move Method	public setAccumuloConfigs(job Job) : void from class org.apache.accumulo.core.clientImpl.mapreduce.lib.MapReduceClientOnDefaultTable to public setAccumuloConfigs(job Job) : void from class org.apache.accumulo.test.mapreduce.RowHash.Opts
2465562cd088b126bfb17523c33c8acd0a48309f;Move Method;Move Method	public setAccumuloConfigs(job Job) : void from class org.apache.accumulo.core.clientImpl.mapreduce.lib.MapReduceClientOnRequiredTable to public setAccumuloConfigs(job Job) : void from class org.apache.accumulo.test.mapreduce.RowHash.Opts
2465562cd088b126bfb17523c33c8acd0a48309f;Move Method;Move Method	public getTableName() : String from class org.apache.accumulo.core.clientImpl.mapreduce.lib.MapReduceClientOnRequiredTable to public getTableName() : String from class org.apache.accumulo.test.mapreduce.RowHash.Opts
2465562cd088b126bfb17523c33c8acd0a48309f;Move Method;Move Method	public getToken() : AuthenticationToken from class org.apache.accumulo.core.clientImpl.mapreduce.lib.MapReduceClientOpts to public getToken() : AuthenticationToken from class org.apache.accumulo.test.mapreduce.RowHash.Opts
fe2c8486197214789050769bb16689db9bfb21ad;Rename Variable;Rename Variable	numHints : int to ordinal : int in method public readFields(in DataInput) : void in class org.apache.accumulo.core.client.mapreduce.RangeInputSplit
fe2c8486197214789050769bb16689db9bfb21ad;Rename Variable;Rename Variable	k : String to strAuths : String in method public readFields(in DataInput) : void in class org.apache.accumulo.core.client.mapreduce.RangeInputSplit
fe2c8486197214789050769bb16689db9bfb21ad;Rename Variable;Rename Variable	v : String to tokenClass : String in method public readFields(in DataInput) : void in class org.apache.accumulo.core.client.mapreduce.RangeInputSplit
fe2c8486197214789050769bb16689db9bfb21ad;Rename Attribute;Rename Attribute	executionHints : Map<String,String> to auths : Authorizations in class org.apache.accumulo.core.client.mapreduce.RangeInputSplit
8c9a4e147f4284af1d02948f8f44d6e3bce3804b;Move Class;Move Class	org.apache.accumulo.core.clientImpl.AccumuloClientImpl.ClientBuilderImpl moved to org.apache.accumulo.core.clientImpl.ClientContext.ClientBuilderImpl
8c9a4e147f4284af1d02948f8f44d6e3bce3804b;Rename Method;Rename Method	public getClient() : AccumuloClient renamed to public createBatchDeleter(tableName String, authorizations Authorizations, numQueryThreads int) : BatchDeleter in class org.apache.accumulo.core.clientImpl.ClientContext
8c9a4e147f4284af1d02948f8f44d6e3bce3804b;Rename Parameter;Rename Parameter	impl : AccumuloClientImpl to context : ClientContext in method public ConnectorImpl(context ClientContext) in class org.apache.accumulo.core.clientImpl.ConnectorImpl
8c9a4e147f4284af1d02948f8f44d6e3bce3804b;Rename Attribute;Rename Attribute	impl : AccumuloClientImpl to context : ClientContext in class org.apache.accumulo.core.clientImpl.ConnectorImpl
8c9a4e147f4284af1d02948f8f44d6e3bce3804b;Parameterize Variable;Parameterize Variable	accumuloClient : AccumuloClient to context : ClientContext in method public printConfig(context ClientContext, opts DumpConfigCommand) : void in class org.apache.accumulo.server.util.Admin
8c9a4e147f4284af1d02948f8f44d6e3bce3804b;Rename Method;Rename Method	protected getScanner() : Pair<Scanner,UserGroupInformation> renamed to protected getClient() : Pair<AccumuloClient,UserGroupInformation> in class org.apache.accumulo.monitor.rest.trace.TracesResource
8c9a4e147f4284af1d02948f8f44d6e3bce3804b;Rename Variable;Rename Variable	scanner : Scanner to client : AccumuloClient in method protected getClient() : Pair<AccumuloClient,UserGroupInformation> in class org.apache.accumulo.monitor.rest.trace.TracesResource
8c9a4e147f4284af1d02948f8f44d6e3bce3804b;Move Attribute;Move Attribute	private secops : SecurityOperations from class org.apache.accumulo.core.clientImpl.AccumuloClientImpl to class org.apache.accumulo.core.clientImpl.ClientContext
8c9a4e147f4284af1d02948f8f44d6e3bce3804b;Move Attribute;Move Attribute	private tableops : TableOperationsImpl from class org.apache.accumulo.core.clientImpl.AccumuloClientImpl to class org.apache.accumulo.core.clientImpl.ClientContext
8c9a4e147f4284af1d02948f8f44d6e3bce3804b;Move Attribute;Move Attribute	private namespaceops : NamespaceOperations from class org.apache.accumulo.core.clientImpl.AccumuloClientImpl to class org.apache.accumulo.core.clientImpl.ClientContext
8c9a4e147f4284af1d02948f8f44d6e3bce3804b;Move Attribute;Move Attribute	private instanceops : InstanceOperations from class org.apache.accumulo.core.clientImpl.AccumuloClientImpl to class org.apache.accumulo.core.clientImpl.ClientContext
8c9a4e147f4284af1d02948f8f44d6e3bce3804b;Move Attribute;Move Attribute	private replicationops : ReplicationOperations from class org.apache.accumulo.core.clientImpl.AccumuloClientImpl to class org.apache.accumulo.core.clientImpl.ClientContext
8c9a4e147f4284af1d02948f8f44d6e3bce3804b;Move Attribute;Move Attribute	private singletonReservation : SingletonReservation from class org.apache.accumulo.core.clientImpl.AccumuloClientImpl to class org.apache.accumulo.core.clientImpl.ClientContext
8c9a4e147f4284af1d02948f8f44d6e3bce3804b;Move Attribute;Move Attribute	private context : ClientContext from class org.apache.accumulo.core.clientImpl.AccumuloClientImpl to class org.apache.accumulo.core.clientImpl.ConnectorImpl
8c9a4e147f4284af1d02948f8f44d6e3bce3804b;Move Method;Move Method	package getTableId(tableName String) : Table.ID from class org.apache.accumulo.core.clientImpl.AccumuloClientImpl to package getTableId(tableName String) : Table.ID from class org.apache.accumulo.core.clientImpl.ClientContext
8c9a4e147f4284af1d02948f8f44d6e3bce3804b;Move Method;Move Method	public createBatchScanner(tableName String, authorizations Authorizations, numQueryThreads int) : BatchScanner from class org.apache.accumulo.core.clientImpl.AccumuloClientImpl to public createBatchScanner(tableName String, authorizations Authorizations, numQueryThreads int) : BatchScanner from class org.apache.accumulo.core.clientImpl.ClientContext
8c9a4e147f4284af1d02948f8f44d6e3bce3804b;Move Method;Move Method	public createBatchScanner(tableName String, authorizations Authorizations) : BatchScanner from class org.apache.accumulo.core.clientImpl.AccumuloClientImpl to public createBatchScanner(tableName String, authorizations Authorizations) : BatchScanner from class org.apache.accumulo.core.clientImpl.ClientContext
8c9a4e147f4284af1d02948f8f44d6e3bce3804b;Move Method;Move Method	public createBatchScanner(tableName String) : BatchScanner from class org.apache.accumulo.core.clientImpl.AccumuloClientImpl to public createBatchScanner(tableName String) : BatchScanner from class org.apache.accumulo.core.clientImpl.ClientContext
8c9a4e147f4284af1d02948f8f44d6e3bce3804b;Move Method;Move Method	public createBatchDeleter(tableName String, authorizations Authorizations, numQueryThreads int, config BatchWriterConfig) : BatchDeleter from class org.apache.accumulo.core.clientImpl.AccumuloClientImpl to public createBatchDeleter(tableName String, authorizations Authorizations, numQueryThreads int, config BatchWriterConfig) : BatchDeleter from class org.apache.accumulo.core.clientImpl.ClientContext
8c9a4e147f4284af1d02948f8f44d6e3bce3804b;Move Method;Move Method	public createBatchWriter(tableName String, config BatchWriterConfig) : BatchWriter from class org.apache.accumulo.core.clientImpl.AccumuloClientImpl to public createBatchWriter(tableName String, config BatchWriterConfig) : BatchWriter from class org.apache.accumulo.core.clientImpl.ClientContext
8c9a4e147f4284af1d02948f8f44d6e3bce3804b;Move Method;Move Method	public createBatchWriter(tableName String) : BatchWriter from class org.apache.accumulo.core.clientImpl.AccumuloClientImpl to public createBatchWriter(tableName String) : BatchWriter from class org.apache.accumulo.core.clientImpl.ClientContext
8c9a4e147f4284af1d02948f8f44d6e3bce3804b;Move Method;Move Method	public createMultiTableBatchWriter(config BatchWriterConfig) : MultiTableBatchWriter from class org.apache.accumulo.core.clientImpl.AccumuloClientImpl to public createMultiTableBatchWriter(config BatchWriterConfig) : MultiTableBatchWriter from class org.apache.accumulo.core.clientImpl.ClientContext
8c9a4e147f4284af1d02948f8f44d6e3bce3804b;Move Method;Move Method	public createMultiTableBatchWriter() : MultiTableBatchWriter from class org.apache.accumulo.core.clientImpl.AccumuloClientImpl to public createMultiTableBatchWriter() : MultiTableBatchWriter from class org.apache.accumulo.core.clientImpl.ClientContext
8c9a4e147f4284af1d02948f8f44d6e3bce3804b;Move Method;Move Method	public createConditionalWriter(tableName String, config ConditionalWriterConfig) : ConditionalWriter from class org.apache.accumulo.core.clientImpl.AccumuloClientImpl to public createConditionalWriter(tableName String, config ConditionalWriterConfig) : ConditionalWriter from class org.apache.accumulo.core.clientImpl.ClientContext
8c9a4e147f4284af1d02948f8f44d6e3bce3804b;Move Method;Move Method	public createScanner(tableName String, authorizations Authorizations) : Scanner from class org.apache.accumulo.core.clientImpl.AccumuloClientImpl to public createScanner(tableName String, authorizations Authorizations) : Scanner from class org.apache.accumulo.core.clientImpl.ClientContext
8c9a4e147f4284af1d02948f8f44d6e3bce3804b;Move Method;Move Method	public createScanner(tableName String) : Scanner from class org.apache.accumulo.core.clientImpl.AccumuloClientImpl to public createScanner(tableName String) : Scanner from class org.apache.accumulo.core.clientImpl.ClientContext
8c9a4e147f4284af1d02948f8f44d6e3bce3804b;Move Method;Move Method	public whoami() : String from class org.apache.accumulo.core.clientImpl.AccumuloClientImpl to public whoami() : String from class org.apache.accumulo.core.clientImpl.ClientContext
8c9a4e147f4284af1d02948f8f44d6e3bce3804b;Move Method;Move Method	public tableOperations() : TableOperations from class org.apache.accumulo.core.clientImpl.AccumuloClientImpl to public tableOperations() : TableOperations from class org.apache.accumulo.core.clientImpl.ClientContext
8c9a4e147f4284af1d02948f8f44d6e3bce3804b;Move Method;Move Method	public namespaceOperations() : NamespaceOperations from class org.apache.accumulo.core.clientImpl.AccumuloClientImpl to public namespaceOperations() : NamespaceOperations from class org.apache.accumulo.core.clientImpl.ClientContext
8c9a4e147f4284af1d02948f8f44d6e3bce3804b;Move Method;Move Method	public securityOperations() : SecurityOperations from class org.apache.accumulo.core.clientImpl.AccumuloClientImpl to public securityOperations() : SecurityOperations from class org.apache.accumulo.core.clientImpl.ClientContext
8c9a4e147f4284af1d02948f8f44d6e3bce3804b;Move Method;Move Method	public instanceOperations() : InstanceOperations from class org.apache.accumulo.core.clientImpl.AccumuloClientImpl to public instanceOperations() : InstanceOperations from class org.apache.accumulo.core.clientImpl.ClientContext
8c9a4e147f4284af1d02948f8f44d6e3bce3804b;Move Method;Move Method	public replicationOperations() : ReplicationOperations from class org.apache.accumulo.core.clientImpl.AccumuloClientImpl to public replicationOperations() : ReplicationOperations from class org.apache.accumulo.core.clientImpl.ClientContext
8c9a4e147f4284af1d02948f8f44d6e3bce3804b;Move Method;Move Method	public properties() : Properties from class org.apache.accumulo.core.clientImpl.AccumuloClientImpl to public properties() : Properties from class org.apache.accumulo.core.clientImpl.ClientContext
8b8c9eba9d0de88ee4e29f1f484cc229374f4d99;Extract Method;Extract Method	public setupConfig(cfg MiniAccumuloConfigImpl, hadoopCoreSite Configuration) : void extracted from public configureMiniCluster(cfg MiniAccumuloConfigImpl, hadoopCoreSite Configuration) : void in class org.apache.accumulo.test.functional.WriteAheadLogIT
8b8c9eba9d0de88ee4e29f1f484cc229374f4d99;Extract Method;Extract Method	public testWAL(c AccumuloClient, tableName String) : void extracted from public test() : void in class org.apache.accumulo.test.functional.WriteAheadLogIT
8b8c9eba9d0de88ee4e29f1f484cc229374f4d99;Extract And Move Method;Extract And Move Method	public setupConfig(cfg MiniAccumuloConfigImpl, hadoopCoreSite Configuration) : void extracted from public configureMiniCluster(cfg MiniAccumuloConfigImpl, hadoopCoreSite Configuration) : void in class org.apache.accumulo.test.functional.WriteAheadLogEncryptedIT & moved to class org.apache.accumulo.test.functional.WriteAheadLogIT
8b8c9eba9d0de88ee4e29f1f484cc229374f4d99;Extract And Move Method;Extract And Move Method	public testWAL(c AccumuloClient, tableName String) : void extracted from public test() : void in class org.apache.accumulo.test.functional.WriteAheadLogEncryptedIT & moved to class org.apache.accumulo.test.functional.WriteAheadLogIT
e154a4139e7e143e429c287a0484be1801dcc4e7;Extract And Move Method;Extract And Move Method	protected createClient() : AccumuloClient extracted from private agitator(stop AtomicBoolean) : Thread in class org.apache.accumulo.test.MultiTableRecoveryIT & moved to class org.apache.accumulo.test.functional.ConfigurableMacBase
18d30b1db9aa025d7270092081792ae3f92a810d;Rename Method;Rename Method	public setUp() : void renamed to public setUpHarness() : void in class org.apache.accumulo.harness.AccumuloClusterHarness
18d30b1db9aa025d7270092081792ae3f92a810d;Rename Method;Rename Method	public getAccumuloClient() : AccumuloClient renamed to public createAccumuloClient() : AccumuloClient in class org.apache.accumulo.harness.AccumuloClusterHarness
18d30b1db9aa025d7270092081792ae3f92a810d;Push Down Attribute;Push Down Attribute	package client : AccumuloClient from class org.apache.accumulo.harness.AccumuloClusterHarness to class org.apache.accumulo.hadoop.its.mapreduce.AccumuloInputFormatIT
eff92f178b01786c4debcc9f927c8cd9a84103a7;Extract Variable;Extract Variable	durability : Durability in method public update(tinfo TInfo, credentials TCredentials, tkeyExtent TKeyExtent, tmutation TMutation, tdurability TDurability) : void from class org.apache.accumulo.tserver.TabletServer.ThriftClientHandler
eff92f178b01786c4debcc9f927c8cd9a84103a7;Extract Variable;Extract Variable	cs : CommitSession in method private writeConditionalMutations(updates Map<KeyExtent,List<ServerConditionalMutation>>, results ArrayList<TCMResult>, sess ConditionalSession) : void from class org.apache.accumulo.tserver.TabletServer.ThriftClientHandler
eff92f178b01786c4debcc9f927c8cd9a84103a7;Extract Variable;Extract Variable	cs : CommitSession in method private writeConditionalMutations(updates Map<KeyExtent,List<ServerConditionalMutation>>, results ArrayList<TCMResult>, sess ConditionalSession) : void from class org.apache.accumulo.tserver.TabletServer.ThriftClientHandler
eff92f178b01786c4debcc9f927c8cd9a84103a7;Extract Method;Extract Method	package maxDurability(dur1 Durability, dur2 Durability) : Durability extracted from public logManyTablets(mutations List<TabletMutations>) : LoggerOperation in class org.apache.accumulo.tserver.log.DfsLogger
eff92f178b01786c4debcc9f927c8cd9a84103a7;Parameterize Variable;Parameterize Variable	durability : Durability to dur2 : Durability in method package maxDurability(dur1 Durability, dur2 Durability) : Durability in class org.apache.accumulo.tserver.log.DfsLogger
00467938d36950f91fd9a680df92bcd736f5b0bb;Rename Method;Rename Method	public getClient(implementingClass Class<?>, conf Configuration) : AccumuloClient renamed to public createClient(implementingClass Class<?>, conf Configuration) : AccumuloClient in class org.apache.accumulo.hadoopImpl.mapreduce.lib.ConfiguratorBase
00467938d36950f91fd9a680df92bcd736f5b0bb;Rename Method;Rename Method	public getAccumuloClient(user String, token AuthenticationToken) : AccumuloClient renamed to public createAccumuloClient(user String, token AuthenticationToken) : AccumuloClient in class org.apache.accumulo.cluster.standalone.StandaloneAccumuloCluster
00467938d36950f91fd9a680df92bcd736f5b0bb;Rename Method;Rename Method	public getAccumuloClient(user String, token AuthenticationToken) : AccumuloClient renamed to public createAccumuloClient(user String, token AuthenticationToken) : AccumuloClient in class org.apache.accumulo.minicluster.MiniAccumuloCluster
00467938d36950f91fd9a680df92bcd736f5b0bb;Rename Method;Rename Method	public getAccumuloClient(user String, token AuthenticationToken) : AccumuloClient renamed to public createAccumuloClient(user String, token AuthenticationToken) : AccumuloClient in class org.apache.accumulo.miniclusterImpl.MiniAccumuloClusterImpl
d705be91fbf173d2a9819e441d8b27c408758f0f;Extract Method;Extract Method	private getNamespaceId(credentials TCredentials, tableId Table.ID) : Namespace.ID extracted from public startMultiScan(tinfo TInfo, credentials TCredentials, tbatch Map<TKeyExtent,List<TRange>>, tcolumns List<TColumn>, ssiList List<IterInfo>, ssio Map<String,Map<String,String>>, authorizations List<ByteBuffer>, waitForWrites boolean, tSamplerConfig TSamplerConfiguration, batchTimeOut long, contextArg String, executionHints Map<String,String>) : InitialMultiScan in class org.apache.accumulo.tserver.TabletServer.ThriftClientHandler
d705be91fbf173d2a9819e441d8b27c408758f0f;Extract Method;Extract Method	private getNamespaceId(credentials TCredentials, tableId Table.ID) : Namespace.ID extracted from public update(tinfo TInfo, credentials TCredentials, tkeyExtent TKeyExtent, tmutation TMutation, tdurability TDurability) : void in class org.apache.accumulo.tserver.TabletServer.ThriftClientHandler
d705be91fbf173d2a9819e441d8b27c408758f0f;Extract Method;Extract Method	private getNamespaceId(credentials TCredentials, tableId Table.ID) : Namespace.ID extracted from public startConditionalUpdate(tinfo TInfo, credentials TCredentials, authorizations List<ByteBuffer>, tableIdStr String, tdurabilty TDurability, classLoaderContext String) : TConditionalSession in class org.apache.accumulo.tserver.TabletServer.ThriftClientHandler
d705be91fbf173d2a9819e441d8b27c408758f0f;Extract Method;Extract Method	private getNamespaceId(credentials TCredentials, tableId Table.ID) : Namespace.ID extracted from public splitTablet(tinfo TInfo, credentials TCredentials, tkeyExtent TKeyExtent, splitPoint ByteBuffer) : void in class org.apache.accumulo.tserver.TabletServer.ThriftClientHandler
5484fa80022c52784d4000cdd422941fddec1441;Rename Class;Rename Class	org.apache.accumulo.core.metadata.schema.MetadataScanner renamed to org.apache.accumulo.core.metadata.schema.TabletsMetadata
5484fa80022c52784d4000cdd422941fddec1441;Rename Variable;Rename Variable	eloc : Pair<KeyExtent,String> to tablet : TabletMetadata in method private nextTablet() : void in class org.apache.accumulo.core.clientImpl.OfflineIterator
5484fa80022c52784d4000cdd422941fddec1441;Extract Variable;Extract Variable	qual : String in method private convertRow(rowIter Iterator<Entry<Key,Value>>, fetchedColumns EnumSet<FetchedColumns>, buildKeyValueMap boolean) : TabletMetadata from class org.apache.accumulo.core.metadata.schema.TabletMetadata
5484fa80022c52784d4000cdd422941fddec1441;Rename Variable;Rename Variable	k : Key to key : Key in method private convertRow(rowIter Iterator<Entry<Key,Value>>, fetchedColumns EnumSet<FetchedColumns>, buildKeyValueMap boolean) : TabletMetadata in class org.apache.accumulo.core.metadata.schema.TabletMetadata
5484fa80022c52784d4000cdd422941fddec1441;Rename Variable;Rename Variable	v : Value to val : String in method private convertRow(rowIter Iterator<Entry<Key,Value>>, fetchedColumns EnumSet<FetchedColumns>, buildKeyValueMap boolean) : TabletMetadata in class org.apache.accumulo.core.metadata.schema.TabletMetadata
5484fa80022c52784d4000cdd422941fddec1441;Rename Method;Rename Method	public getLocationType() : LocationType renamed to public getType() : LocationType in class org.apache.accumulo.core.metadata.schema.TabletMetadata.Location
5484fa80022c52784d4000cdd422941fddec1441;Extract Method;Extract Method	public fromKeyValue(key Key, value String) : LogEntry extracted from public fromKeyValue(key Key, value Value) : LogEntry in class org.apache.accumulo.core.tabletserver.log.LogEntry
5484fa80022c52784d4000cdd422941fddec1441;Rename Variable;Rename Variable	ert : Text to startRow : Text in method public waitForFlush(tinfo TInfo, c TCredentials, tableIdStr String, startRowBB ByteBuffer, endRowBB ByteBuffer, flushID long, maxLoops long) : void in class org.apache.accumulo.master.MasterClientServiceHandler
5484fa80022c52784d4000cdd422941fddec1441;Rename Method;Rename Method	public overTabletRange() : Options renamed to public overlapping(startRow Text, endRow Text) : Options in class org.apache.accumulo.core.metadata.schema.TabletsMetadata.Builder
d2a0f1c1f000acb515e4992655120b6f9669c4dd;Move Class;Move Class	org.apache.accumulo.core.client.ClientInfo moved to org.apache.accumulo.core.clientImpl.ClientInfo
d2a0f1c1f000acb515e4992655120b6f9669c4dd;Rename Method;Rename Method	protected getClientInfo(job JobConf) : ClientInfo renamed to protected getClientProperties(job JobConf) : Properties in class org.apache.accumulo.core.client.mapred.AbstractInputFormat
d2a0f1c1f000acb515e4992655120b6f9669c4dd;Rename Method;Rename Method	protected getClientInfo(job JobConf) : ClientInfo renamed to protected getClientProperties(job JobConf) : Properties in class org.apache.accumulo.core.client.mapred.AccumuloOutputFormat
d2a0f1c1f000acb515e4992655120b6f9669c4dd;Rename Method;Rename Method	protected getClientInfo(context JobContext) : ClientInfo renamed to protected getClientProperties(context JobContext) : Properties in class org.apache.accumulo.core.client.mapreduce.AbstractInputFormat
d2a0f1c1f000acb515e4992655120b6f9669c4dd;Rename Method;Rename Method	protected getClientInfo(context JobContext) : ClientInfo renamed to protected getClientProperties(context JobContext) : Properties in class org.apache.accumulo.core.client.mapreduce.AccumuloOutputFormat
d2a0f1c1f000acb515e4992655120b6f9669c4dd;Rename Method;Rename Method	public testSetClientInfo() : void renamed to public testSetClientProperties() : void in class org.apache.accumulo.core.clientImpl.mapreduce.lib.ConfiguratorBaseTest
d2a0f1c1f000acb515e4992655120b6f9669c4dd;Rename Variable;Rename Variable	info2 : ClientInfo to props2 : Properties in method public testSetClientProperties() : void in class org.apache.accumulo.core.clientImpl.mapreduce.lib.ConfiguratorBaseTest
5c6e0c3c491787b9269032bf9cae76f7dc01adc1;Move Attribute;Move Attribute	private SYSTEM_TOKEN_NAME : String from class org.apache.accumulo.core.clientImpl.AccumuloClientImpl to class org.apache.accumulo.core.clientImpl.ConnectorImpl
8836715db7df72371d844c78fa5f1991c248f13a;Rename Parameter;Rename Parameter	info : ClientInfo to clientProps : Properties in method public MutationsRejectedException(clientProps Properties, cvsList List<ConstraintViolationSummary>, hashMap Map<TabletId,Set<SecurityErrorCode>>, serverSideErrors Collection<String>, unknownErrors int, cause Throwable) in class org.apache.accumulo.core.client.MutationsRejectedException
8836715db7df72371d844c78fa5f1991c248f13a;Rename Method;Rename Method	public getClientInfo() : ClientInfo renamed to public getClientProperties() : Properties in class org.apache.accumulo.minicluster.MiniAccumuloCluster
8836715db7df72371d844c78fa5f1991c248f13a;Rename Method;Rename Method	public getClientInfo(directory File) : ClientInfo renamed to public getClientProperties(directory File) : Properties in class org.apache.accumulo.minicluster.MiniAccumuloCluster
8836715db7df72371d844c78fa5f1991c248f13a;Extract And Move Method;Extract And Move Method	protected getClientProperties() : Properties extracted from public test() : void in class org.apache.accumulo.test.functional.BalanceInPresenceOfOfflineTableIT & moved to class org.apache.accumulo.test.functional.ConfigurableMacBase
8836715db7df72371d844c78fa5f1991c248f13a;Extract And Move Method;Extract And Move Method	protected getClientProperties() : Properties extracted from public testBulkSplitOptimization() : void in class org.apache.accumulo.test.functional.BulkSplitOptimizationIT & moved to class org.apache.accumulo.test.functional.ConfigurableMacBase
8836715db7df72371d844c78fa5f1991c248f13a;Extract And Move Method;Extract And Move Method	protected getClientProperties() : Properties extracted from public test() : void in class org.apache.accumulo.test.functional.ChaoticBalancerIT & moved to class org.apache.accumulo.test.functional.ConfigurableMacBase
8836715db7df72371d844c78fa5f1991c248f13a;Extract And Move Method;Extract And Move Method	protected getClientProperties() : Properties extracted from public test() : void in class org.apache.accumulo.test.functional.CompactionIT & moved to class org.apache.accumulo.test.functional.ConfigurableMacBase
8836715db7df72371d844c78fa5f1991c248f13a;Extract And Move Method;Extract And Move Method	protected getClientProperties() : Properties extracted from public deleteTest(c AccumuloClient, cluster AccumuloCluster, user String, password String, tableName String, keytab String) : void in class org.apache.accumulo.test.functional.DeleteIT & moved to class org.apache.accumulo.test.functional.ConfigurableMacBase
8836715db7df72371d844c78fa5f1991c248f13a;Extract And Move Method;Extract And Move Method	protected getClientProperties() : Properties extracted from public test() : void in class org.apache.accumulo.test.functional.DynamicThreadPoolsIT & moved to class org.apache.accumulo.test.functional.ConfigurableMacBase
8836715db7df72371d844c78fa5f1991c248f13a;Extract And Move Method;Extract And Move Method	protected getClientProperties() : Properties extracted from public run() : void in class org.apache.accumulo.test.functional.FateStarvationIT & moved to class org.apache.accumulo.test.functional.ConfigurableMacBase
8836715db7df72371d844c78fa5f1991c248f13a;Extract And Move Method;Extract And Move Method	protected getClientProperties() : Properties extracted from public gcTest() : void in class org.apache.accumulo.test.functional.GarbageCollectorIT & moved to class org.apache.accumulo.test.functional.ConfigurableMacBase
8836715db7df72371d844c78fa5f1991c248f13a;Extract And Move Method;Extract And Move Method	protected getClientProperties() : Properties extracted from public test(seconds int, expectTserverDied boolean) : String in class org.apache.accumulo.test.functional.HalfDeadTServerIT & moved to class org.apache.accumulo.test.functional.ConfigurableMacBase
8836715db7df72371d844c78fa5f1991c248f13a;Extract And Move Method;Extract And Move Method	protected getClientProperties() : Properties extracted from public test() : void in class org.apache.accumulo.test.functional.MasterFailoverIT & moved to class org.apache.accumulo.test.functional.ConfigurableMacBase
8836715db7df72371d844c78fa5f1991c248f13a;Extract And Move Method;Extract And Move Method	protected getClientProperties() : Properties extracted from public run() : void in class org.apache.accumulo.test.functional.MaxOpenIT & moved to class org.apache.accumulo.test.functional.ConfigurableMacBase
8836715db7df72371d844c78fa5f1991c248f13a;Extract And Move Method;Extract And Move Method	protected getClientProperties() : Properties extracted from public restartMaster() : void in class org.apache.accumulo.test.functional.RestartIT & moved to class org.apache.accumulo.test.functional.ConfigurableMacBase
8836715db7df72371d844c78fa5f1991c248f13a;Extract And Move Method;Extract And Move Method	protected getClientProperties() : Properties extracted from public restartMasterRecovery() : void in class org.apache.accumulo.test.functional.RestartIT & moved to class org.apache.accumulo.test.functional.ConfigurableMacBase
8836715db7df72371d844c78fa5f1991c248f13a;Extract And Move Method;Extract And Move Method	protected getClientProperties() : Properties extracted from public restartMasterSplit() : void in class org.apache.accumulo.test.functional.RestartIT & moved to class org.apache.accumulo.test.functional.ConfigurableMacBase
8836715db7df72371d844c78fa5f1991c248f13a;Extract And Move Method;Extract And Move Method	protected getClientProperties() : Properties extracted from public killedTabletServer() : void in class org.apache.accumulo.test.functional.RestartIT & moved to class org.apache.accumulo.test.functional.ConfigurableMacBase
8836715db7df72371d844c78fa5f1991c248f13a;Extract And Move Method;Extract And Move Method	protected getClientProperties() : Properties extracted from public killedTabletServerDuringShutdown() : void in class org.apache.accumulo.test.functional.RestartIT & moved to class org.apache.accumulo.test.functional.ConfigurableMacBase
8836715db7df72371d844c78fa5f1991c248f13a;Extract And Move Method;Extract And Move Method	protected getClientProperties() : Properties extracted from public shutdownDuringCompactingSplitting() : void in class org.apache.accumulo.test.functional.RestartIT & moved to class org.apache.accumulo.test.functional.ConfigurableMacBase
8836715db7df72371d844c78fa5f1991c248f13a;Extract And Move Method;Extract And Move Method	protected getClientProperties() : Properties extracted from public test() : void in class org.apache.accumulo.test.functional.RestartStressIT & moved to class org.apache.accumulo.test.functional.ConfigurableMacBase
8836715db7df72371d844c78fa5f1991c248f13a;Extract And Move Method;Extract And Move Method	protected getClientProperties() : Properties extracted from public simpleBalancerFairness() : void in class org.apache.accumulo.test.functional.SimpleBalancerFairnessIT & moved to class org.apache.accumulo.test.functional.ConfigurableMacBase
8836715db7df72371d844c78fa5f1991c248f13a;Extract And Move Method;Extract And Move Method	protected getClientProperties() : Properties extracted from public tabletShouldSplit() : void in class org.apache.accumulo.test.functional.SplitIT & moved to class org.apache.accumulo.test.functional.ConfigurableMacBase
8836715db7df72371d844c78fa5f1991c248f13a;Extract And Move Method;Extract And Move Method	protected getClientProperties() : Properties extracted from public test() : void in class org.apache.accumulo.test.functional.TableIT & moved to class org.apache.accumulo.test.functional.ConfigurableMacBase
8836715db7df72371d844c78fa5f1991c248f13a;Extract And Move Method;Extract And Move Method	protected getClientProperties() : Properties extracted from public test() : void in class org.apache.accumulo.test.functional.WriteAheadLogEncryptedIT & moved to class org.apache.accumulo.test.functional.ConfigurableMacBase
8836715db7df72371d844c78fa5f1991c248f13a;Extract And Move Method;Extract And Move Method	protected getClientProperties() : Properties extracted from public test() : void in class org.apache.accumulo.test.functional.WriteAheadLogIT & moved to class org.apache.accumulo.test.functional.ConfigurableMacBase
8836715db7df72371d844c78fa5f1991c248f13a;Extract And Move Method;Extract And Move Method	protected getClientProperties() : Properties extracted from public writeLots() : void in class org.apache.accumulo.test.functional.WriteLotsIT & moved to class org.apache.accumulo.test.functional.ConfigurableMacBase
835eadbf4044b7f994735fa15543190a2f0cb616;Move Class;Move Class	org.apache.accumulo.hadoopImpl.mapreduce.lib.partition.KeyRangePartitioner moved to org.apache.accumulo.hadoop.mapreduce.partition.KeyRangePartitioner
835eadbf4044b7f994735fa15543190a2f0cb616;Move Class;Move Class	org.apache.accumulo.hadoopImpl.mapreduce.lib.partition.RangePartitioner moved to org.apache.accumulo.hadoop.mapreduce.partition.RangePartitioner
835eadbf4044b7f994735fa15543190a2f0cb616;Move Class;Move Class	org.apache.accumulo.hadoopImpl.mapreduce.lib.partition.RangePartitionerTest moved to org.apache.accumulo.hadoop.mapreduce.partition.RangePartitionerTest
d3a5a45ea7530945301884bc7541adb168b05644;Rename Method;Rename Method	public changeUser(principal String, token AuthenticationToken) : AccumuloClient renamed to public token() : AuthenticationToken in class org.apache.accumulo.core.clientImpl.AccumuloClientImpl
d3a5a45ea7530945301884bc7541adb168b05644;Rename Attribute;Rename Attribute	BAD_PASSWD_FAIL_CODE : int to SCAN_FAILED : int in class org.apache.accumulo.test.server.security.SystemCredentialsIT
d3a5a45ea7530945301884bc7541adb168b05644;Rename Attribute;Rename Attribute	FAIL_CODE : int to AUTHENICATION_FAILED : int in class org.apache.accumulo.test.server.security.SystemCredentialsIT
80aaf658a978d5805c8bda0209b2229795e71ad4;Rename Parameter;Rename Parameter	acuConf : AccumuloConfiguration to context : ServerContext in method public reduceFiles(context ServerContext, conf Configuration, prevEndRow Text, endRow Text, mapFiles Collection<String>, maxFiles int, tmpDir Path, pass int) : Collection<String> in class org.apache.accumulo.server.util.FileUtil
80aaf658a978d5805c8bda0209b2229795e71ad4;Rename Parameter;Rename Parameter	fs : VolumeManager to context : ServerContext in method public findMidPoint(context ServerContext, tabletDir String, prevEndRow Text, endRow Text, mapFiles Collection<String>, minSplit double) : SortedMap<Double,Key> in class org.apache.accumulo.server.util.FileUtil
80aaf658a978d5805c8bda0209b2229795e71ad4;Rename Parameter;Rename Parameter	fs : VolumeManager to context : ServerContext in method public findMidPoint(context ServerContext, tabletDirectory String, prevEndRow Text, endRow Text, mapFiles Collection<String>, minSplit double, useIndex boolean) : SortedMap<Double,Key> in class org.apache.accumulo.server.util.FileUtil
378514bd5e35ccf99e7fd14c948437098c96902b;Extract Method;Extract Method	private _recordSize(totalSize AtomicLong) : long extracted from public recordSize(totalSize AtomicLong) : long in class org.apache.accumulo.core.file.blockfile.cache.lru.CachedBlock
c8f5bf1670bb053b4111926179b458b4a58f884b;Move Class;Move Class	org.apache.accumulo.hadoop.its.mapreduce.NewAccumuloInputFormatIT.MRTester moved to org.apache.accumulo.hadoop.its.mapred.AccumuloFileOutputFormatIT.MRTester
c8f5bf1670bb053b4111926179b458b4a58f884b;Move And Rename Class;Move And Rename Class	org.apache.accumulo.hadoop.mapreduce.FileOutputInfo.FileOutputInfoBuilder moved and renamed to org.apache.accumulo.hadoop.mapreduce.FileOutputFormatBuilder
c8f5bf1670bb053b4111926179b458b4a58f884b;Move And Rename Class;Move And Rename Class	org.apache.accumulo.hadoop.mapreduce.InputInfo.InputInfoBuilder moved and renamed to org.apache.accumulo.hadoop.mapreduce.InputFormatBuilder
c8f5bf1670bb053b4111926179b458b4a58f884b;Move And Rename Class;Move And Rename Class	org.apache.accumulo.hadoop.mapreduce.OutputInfo.OutputInfoBuilder moved and renamed to org.apache.accumulo.hadoop.mapreduce.OutputFormatBuilder
c8f5bf1670bb053b4111926179b458b4a58f884b;Move And Rename Class;Move And Rename Class	org.apache.accumulo.hadoopImpl.mapreduce.InputInfoImpl.InputInfoBooleans moved and renamed to org.apache.accumulo.hadoopImpl.mapreduce.InputFormatBuilderImpl.BuilderBooleans
c8f5bf1670bb053b4111926179b458b4a58f884b;Rename Class;Rename Class	org.apache.accumulo.hadoop.its.mapreduce.NewAccumuloInputFormatIT renamed to org.apache.accumulo.hadoop.its.mapreduce.AccumuloInputFormatIT
