CommitId;RefactoringType;RefactoringDetail
8ba8691a90997d540a31d5a5f16c62fc84bd4bb9;Extract Method;Extract Method	protected createCaseInsensitiveHashMap(cols int) : LinkedHashMap<String,Object> extracted from public toMap(rs ResultSet) : Map<String,Object> in class org.apache.commons.dbutils.BasicRowProcessor
eee69c7acc92db7b77a8dd41703fb27c50913ae4;Rename Class;Rename Class	org.apache.commons.dbutils.BaseResultSetHandlerTestCase renamed to org.apache.commons.dbutils.BaseResultSetHandlerTest
504838bd5208b9482fe5c953630749b3f02fac81;Extract Method;Extract Method	public populateBean(rs ResultSet, bean T) : T extracted from public toBean(rs ResultSet, type Class<? extends T>) : T in class org.apache.commons.dbutils.BeanProcessor
504838bd5208b9482fe5c953630749b3f02fac81;Extract Method;Extract Method	private populateBean(rs ResultSet, bean T, props PropertyDescriptor[], columnToProperty int[]) : T extracted from private createBean(rs ResultSet, type Class<T>, props PropertyDescriptor[], columnToProperty int[]) : T in class org.apache.commons.dbutils.BeanProcessor
504838bd5208b9482fe5c953630749b3f02fac81;Rename Method;Rename Method	public testProcess() : void renamed to public testProcessWithToBean() : void in class org.apache.commons.dbutils.BeanProcessorTest
156945b7f1b1760d60789d996f14b9cc0942d393;Extract Method;Extract Method	protected getWriteMethod(target Object, prop PropertyDescriptor, value Object) : Method extracted from private callSetter(target Object, prop PropertyDescriptor, value Object) : void in class org.apache.commons.dbutils.BeanProcessor
156945b7f1b1760d60789d996f14b9cc0942d393;Rename Variable;Rename Variable	setter : Method to method : Method in method protected getWriteMethod(target Object, prop PropertyDescriptor, value Object) : Method in class org.apache.commons.dbutils.BeanProcessor
756c9b0c42e94119557e5ca418b94090d20541aa;Rename Parameter;Rename Parameter	string : String to ordinal : Ordinal in method public setThree(ordinal Ordinal) : void in class org.apache.commons.dbutils.TestBean
67728b059178f5db2a9579e2c183173e2863562f;Extract Variable;Extract Variable	columnName : String in method public toMap(rs ResultSet) : Map<String,Object> from class org.apache.commons.dbutils2.BasicRowProcessor
9d4e8a1d570fd0186b5961b0f071765e5b0e2a75;Extract Variable;Extract Variable	columnName : String in method public toMap(rs ResultSet) : Map<String,Object> from class org.apache.commons.dbutils.BasicRowProcessor
41d6d58c09ac2d0299292080a6845547404f14d7;Change Package;Change Package	org.apache.commons.dbutils to org.apache.commons.dbutils2
b579869ce532e06bc6887fdabdb525d60198b002;Rename Method;Rename Method	public batch(executor BatchExecutor) : Future<int[]> renamed to public execute(executor BatchExecutor) : Future<int[]> in class org.apache.commons.dbutils.AsyncExecutor
b579869ce532e06bc6887fdabdb525d60198b002;Rename Method;Rename Method	public query(executor QueryExecutor, handler ResultSetHandler<T>) : Future<T> renamed to public execute(executor QueryExecutor, handler ResultSetHandler<T>) : Future<T> in class org.apache.commons.dbutils.AsyncExecutor
b579869ce532e06bc6887fdabdb525d60198b002;Rename Method;Rename Method	public update(executor UpdateExecutor) : Future<Integer> renamed to public execute(executor UpdateExecutor) : Future<Integer> in class org.apache.commons.dbutils.AsyncExecutor
b579869ce532e06bc6887fdabdb525d60198b002;Rename Method;Rename Method	public insert(executor InsertExecutor, handler ResultSetHandler<T>) : Future<T> renamed to public execute(executor InsertExecutor, handler ResultSetHandler<T>) : Future<T> in class org.apache.commons.dbutils.AsyncExecutor
b579869ce532e06bc6887fdabdb525d60198b002;Rename Method;Rename Method	public batch() : int[] renamed to public execute() : int[] in class org.apache.commons.dbutils.BatchExecutor
b579869ce532e06bc6887fdabdb525d60198b002;Rename Method;Rename Method	public insert(handler ResultSetHandler<T>) : T renamed to public execute(handler ResultSetHandler<T>) : T in class org.apache.commons.dbutils.InsertExecutor
b579869ce532e06bc6887fdabdb525d60198b002;Rename Method;Rename Method	public insert() : void renamed to public execute() : int in class org.apache.commons.dbutils.InsertExecutor
b579869ce532e06bc6887fdabdb525d60198b002;Rename Method;Rename Method	public query(handler ResultSetHandler<T>) : T renamed to public execute(handler ResultSetHandler<T>) : T in class org.apache.commons.dbutils.QueryExecutor
b579869ce532e06bc6887fdabdb525d60198b002;Rename Method;Rename Method	public update() : int renamed to public execute() : int in class org.apache.commons.dbutils.UpdateExecutor
c489b7e67ddeeff25f01ff813fa6be656a3bf9a8;Rename Class;Rename Class	org.apache.commons.dbutils.AsyncQueryRunner renamed to org.apache.commons.dbutils.AsyncExecutor
c489b7e67ddeeff25f01ff813fa6be656a3bf9a8;Rename Class;Rename Class	org.apache.commons.dbutils.AsyncQueryRunnerTest renamed to org.apache.commons.dbutils.AsyncExecutorTest
3c5ad41a4bac5b118665e96da67de51cd6a70ad7;Move Attribute;Move Attribute	private ds : DataSource from class org.apache.commons.dbutils.AbstractQueryRunner to class org.apache.commons.dbutils.QueryRunner
3c5ad41a4bac5b118665e96da67de51cd6a70ad7;Move Method;Move Method	public getDataSource() : DataSource from class org.apache.commons.dbutils.AbstractQueryRunner to public getDataSource() : DataSource from class org.apache.commons.dbutils.QueryRunner
3c5ad41a4bac5b118665e96da67de51cd6a70ad7;Move Method;Move Method	protected prepareConnection() : Connection from class org.apache.commons.dbutils.AbstractQueryRunner to protected prepareConnection() : Connection from class org.apache.commons.dbutils.QueryRunner
3c5ad41a4bac5b118665e96da67de51cd6a70ad7;Move Method;Move Method	protected close(conn Connection) : void from class org.apache.commons.dbutils.AbstractQueryRunner to private close(conn Connection) : void from class org.apache.commons.dbutils.QueryRunner
0235ccb1e6f388a9fe79e8ce06c5ce42156e4673;Extract Method;Extract Method	protected bind(name String, value Object, removeFromPosMap boolean) : T extracted from public bind(name String, value Object) : T in class org.apache.commons.dbutils.AbstractExecutor
0235ccb1e6f388a9fe79e8ce06c5ce42156e4673;Inline Variable;Inline Variable	conn : Connection in method public query(sql String) : QueryExecutor from class org.apache.commons.dbutils.QueryRunner
0235ccb1e6f388a9fe79e8ce06c5ce42156e4673;Inline Variable;Inline Variable	conn : Connection in method public update(sql String) : UpdateExecutor from class org.apache.commons.dbutils.QueryRunner
0235ccb1e6f388a9fe79e8ce06c5ce42156e4673;Inline Variable;Inline Variable	conn : Connection in method public batch(sql String, params Object[][]) : int[] from class org.apache.commons.dbutils.QueryRunner
38378b64780b82ef789c2fe9b9a4c3328a16fcc1;Inline Method;Inline Method	public query(sql String, rsh ResultSetHandler<T>, params Object[]) : Future<T> inlined to public query(executor QueryExecutor, handler ResultSetHandler<T>) : Future<T> in class org.apache.commons.dbutils.AsyncQueryRunner
38378b64780b82ef789c2fe9b9a4c3328a16fcc1;Inline Method;Inline Method	public update(sql String, params Object[]) : Future<Integer> inlined to public update(executor UpdateExecutor) : Future<Integer> in class org.apache.commons.dbutils.AsyncQueryRunner
38378b64780b82ef789c2fe9b9a4c3328a16fcc1;Inline Method;Inline Method	public insert(sql String, rsh ResultSetHandler<T>, params Object[]) : Future<T> inlined to public insert(executor InsertExecutor, handler ResultSetHandler<T>) : Future<T> in class org.apache.commons.dbutils.AsyncQueryRunner
38378b64780b82ef789c2fe9b9a4c3328a16fcc1;Extract Class;Extract Class	org.apache.commons.dbutils.AbstractExecutor from class org.apache.commons.dbutils.AbstractQueryRunner
38378b64780b82ef789c2fe9b9a4c3328a16fcc1;Extract Class;Extract Class	org.apache.commons.dbutils.InsertExecutorTest from class org.apache.commons.dbutils.QueryRunnerTest
38378b64780b82ef789c2fe9b9a4c3328a16fcc1;Move Attribute;Move Attribute	private conn : Connection from class org.apache.commons.dbutils.AsyncQueryRunnerTest to class org.apache.commons.dbutils.AbstractExecutor
38378b64780b82ef789c2fe9b9a4c3328a16fcc1;Move Attribute;Move Attribute	private conn : Connection from class org.apache.commons.dbutils.AsyncQueryRunnerTest to class org.apache.commons.dbutils.AbstractExecutorTest
38378b64780b82ef789c2fe9b9a4c3328a16fcc1;Move Attribute;Move Attribute	private conn : Connection from class org.apache.commons.dbutils.AsyncQueryRunnerTest to class org.apache.commons.dbutils.InsertExecutorTest
38378b64780b82ef789c2fe9b9a4c3328a16fcc1;Move Attribute;Move Attribute	private conn : Connection from class org.apache.commons.dbutils.AsyncQueryRunnerTest to class org.apache.commons.dbutils.QueryExecutorTest
38378b64780b82ef789c2fe9b9a4c3328a16fcc1;Move Attribute;Move Attribute	private conn : Connection from class org.apache.commons.dbutils.AsyncQueryRunnerTest to class org.apache.commons.dbutils.UpdateExecutorTest
38378b64780b82ef789c2fe9b9a4c3328a16fcc1;Move Method;Move Method	protected wrap(rs ResultSet) : ResultSet from class org.apache.commons.dbutils.AbstractQueryRunner to protected wrap(rs ResultSet) : ResultSet from class org.apache.commons.dbutils.AbstractExecutor
38378b64780b82ef789c2fe9b9a4c3328a16fcc1;Move Method;Move Method	protected close(stmt Statement) : void from class org.apache.commons.dbutils.AbstractQueryRunner to protected close(stmt Statement) : void from class org.apache.commons.dbutils.AbstractExecutor
38378b64780b82ef789c2fe9b9a4c3328a16fcc1;Move Method;Move Method	protected close(rs ResultSet) : void from class org.apache.commons.dbutils.AbstractQueryRunner to protected close(rs ResultSet) : void from class org.apache.commons.dbutils.AbstractExecutor
38378b64780b82ef789c2fe9b9a4c3328a16fcc1;Move Attribute;Move Attribute	private stmt : PreparedStatement from class org.apache.commons.dbutils.QueryRunnerTest to class org.apache.commons.dbutils.InsertExecutorTest
38378b64780b82ef789c2fe9b9a4c3328a16fcc1;Move Method;Move Method	protected rethrow(cause SQLException, sql String, params Object[]) : void from class org.apache.commons.dbutils.AbstractQueryRunner to protected rethrow(cause SQLException) : void from class org.apache.commons.dbutils.AbstractExecutor
c78b62719309e91bfef24085bd84ad8fe0b71842;Rename Method;Rename Method	public testAddBatchException() : void renamed to public testBatchException() : void in class org.apache.commons.dbutils.AsyncQueryRunnerTest
c78b62719309e91bfef24085bd84ad8fe0b71842;Replace Variable With Attribute;Replace Variable With Attribute	mockQueryRunner : QueryRunner to qRunner : QueryRunner in method public testInsertUsesGivenQueryRunner() : void in class org.apache.commons.dbutils.AsyncQueryRunnerTest
9d927f33dda210ea06f9453077660aa018353df5;Extract Variable;Extract Variable	propertyName : String in method protected mapColumnsToProperties(rsmd ResultSetMetaData, props PropertyDescriptor[]) : int[] from class org.apache.commons.dbutils.BeanProcessor
7ab3ebaf68b812d01ebc89d353277e20ea7c9e6f;Extract Variable;Extract Variable	targetType : String in method private callSetter(target Object, prop PropertyDescriptor, value Object) : void from class org.apache.commons.dbutils.BeanProcessor
7b6ac83c117e324fb90fa639aa43ccc2af792fab;Rename Variable;Rename Variable	callable : Future<int[]> to future : Future<int[]> in method private callGoodBatch(conn Connection, params Object[][]) : void in class org.apache.commons.dbutils.AsyncQueryRunnerTest
7b6ac83c117e324fb90fa639aa43ccc2af792fab;Rename Variable;Rename Variable	callable : Future<int[]> to future : Future<int[]> in method private callGoodBatch(params Object[][]) : void in class org.apache.commons.dbutils.AsyncQueryRunnerTest
7b6ac83c117e324fb90fa639aa43ccc2af792fab;Rename Variable;Rename Variable	callable : Future<int[]> to future : Future<int[]> in method private callBatchWithException(sql String, params Object[][]) : void in class org.apache.commons.dbutils.AsyncQueryRunnerTest
7b6ac83c117e324fb90fa639aa43ccc2af792fab;Inline Variable;Inline Variable	callable : Future<Object[]> in method private callGoodQuery(conn Connection) : void from class org.apache.commons.dbutils.AsyncQueryRunnerTest
7b6ac83c117e324fb90fa639aa43ccc2af792fab;Inline Variable;Inline Variable	callable : Future<Object[]> in method private callGoodQuery() : void from class org.apache.commons.dbutils.AsyncQueryRunnerTest
7b6ac83c117e324fb90fa639aa43ccc2af792fab;Inline Variable;Inline Variable	callable : Future<Object[]> in method private callQueryWithException(params Object[]) : void from class org.apache.commons.dbutils.AsyncQueryRunnerTest
7b6ac83c117e324fb90fa639aa43ccc2af792fab;Inline Variable;Inline Variable	callable : Future<Integer> in method private callGoodUpdate(conn Connection) : void from class org.apache.commons.dbutils.AsyncQueryRunnerTest
7b6ac83c117e324fb90fa639aa43ccc2af792fab;Inline Variable;Inline Variable	callable : Future<Integer> in method private callGoodUpdate() : void from class org.apache.commons.dbutils.AsyncQueryRunnerTest
7b6ac83c117e324fb90fa639aa43ccc2af792fab;Inline Variable;Inline Variable	callable : Future<Integer> in method private callUpdateWithException(params Object[]) : void from class org.apache.commons.dbutils.AsyncQueryRunnerTest
abae8a82cbe7bdc008a4a7b4b45cd92d75f532cf;Extract Method;Extract Method	public loadDriver(classLoader ClassLoader, driverClassName String) : boolean extracted from public loadDriver(driverClassName String) : boolean in class org.apache.commons.dbutils.DbUtils
228fa8add01786a8e6be77e03148b2d91334b29c;Move Source Folder;Move Source Folder	src to src/main
228fa8add01786a8e6be77e03148b2d91334b29c;Move Source Folder;Move Source Folder	src/test to src/test/java
6913588887822b5dde0a22582e9561d726f6e81d;Rename Variable;Rename Variable	tb : TestBean to bean : MyBean in method public testFillStatementWithBean() : void in class org.apache.commons.dbutils.QueryRunnerTest
ce25148d7d7c50378d8e61e0e2c5084673e94b09;Extract Superclass;Extract Superclass	org.apache.commons.dbutils.AbstractQueryRunner from classes [org.apache.commons.dbutils.AsyncQueryRunner, org.apache.commons.dbutils.QueryRunner]
ce25148d7d7c50378d8e61e0e2c5084673e94b09;Extract Method;Extract Method	private batch(conn Connection, closeConn boolean, sql String, params Object[][]) : int[] extracted from public batch(conn Connection, sql String, params Object[][]) : int[] in class org.apache.commons.dbutils.QueryRunner
ce25148d7d7c50378d8e61e0e2c5084673e94b09;Extract Method;Extract Method	private query(conn Connection, closeConn boolean, sql String, rsh ResultSetHandler<T>, params Object[]) : T extracted from public query(conn Connection, sql String, rsh ResultSetHandler<T>, params Object[]) : T in class org.apache.commons.dbutils.QueryRunner
ce25148d7d7c50378d8e61e0e2c5084673e94b09;Extract Method;Extract Method	public update(conn Connection, closeConn boolean, sql String, params Object[]) : int extracted from public update(conn Connection, sql String, params Object[]) : int in class org.apache.commons.dbutils.QueryRunner
ce25148d7d7c50378d8e61e0e2c5084673e94b09;Extract Method;Extract Method	public update(conn Connection, closeConn boolean, sql String, params Object[]) : int extracted from public update(sql String, params Object[]) : int in class org.apache.commons.dbutils.QueryRunner
ce25148d7d7c50378d8e61e0e2c5084673e94b09;Rename Variable;Rename Variable	future : RunnableFuture<int[]> to callable : Callable<int[]> in method private callGoodBatch(conn Connection, params Object[][]) : void in class org.apache.commons.dbutils.AsyncQueryRunnerTest
ce25148d7d7c50378d8e61e0e2c5084673e94b09;Rename Variable;Rename Variable	future : RunnableFuture<int[]> to callable : Callable<int[]> in method private callGoodBatch(params Object[][]) : void in class org.apache.commons.dbutils.AsyncQueryRunnerTest
ce25148d7d7c50378d8e61e0e2c5084673e94b09;Rename Variable;Rename Variable	future : RunnableFuture<int[]> to callable : Callable<int[]> in method private callBatchWithException(sql String, params Object[][]) : void in class org.apache.commons.dbutils.AsyncQueryRunnerTest
ce25148d7d7c50378d8e61e0e2c5084673e94b09;Rename Variable;Rename Variable	future : RunnableFuture<Object[]> to callable : Callable<Object[]> in method private callGoodQuery(conn Connection) : void in class org.apache.commons.dbutils.AsyncQueryRunnerTest
ce25148d7d7c50378d8e61e0e2c5084673e94b09;Rename Variable;Rename Variable	future : RunnableFuture<Object[]> to callable : Callable<Object[]> in method private callGoodQuery() : void in class org.apache.commons.dbutils.AsyncQueryRunnerTest
ce25148d7d7c50378d8e61e0e2c5084673e94b09;Rename Variable;Rename Variable	future : RunnableFuture<Object[]> to callable : Callable<Object[]> in method private callQueryWithException(params Object[]) : void in class org.apache.commons.dbutils.AsyncQueryRunnerTest
ce25148d7d7c50378d8e61e0e2c5084673e94b09;Rename Variable;Rename Variable	future : RunnableFuture<Integer> to callable : Callable<Integer> in method private callGoodUpdate(conn Connection) : void in class org.apache.commons.dbutils.AsyncQueryRunnerTest
ce25148d7d7c50378d8e61e0e2c5084673e94b09;Rename Variable;Rename Variable	future : RunnableFuture<Integer> to callable : Callable<Integer> in method private callGoodUpdate() : void in class org.apache.commons.dbutils.AsyncQueryRunnerTest
ce25148d7d7c50378d8e61e0e2c5084673e94b09;Rename Variable;Rename Variable	future : RunnableFuture<Integer> to callable : Callable<Integer> in method private callUpdateWithException(params Object[]) : void in class org.apache.commons.dbutils.AsyncQueryRunnerTest
ce25148d7d7c50378d8e61e0e2c5084673e94b09;Pull Up Method;Pull Up Method	public getDataSource() : DataSource from class org.apache.commons.dbutils.AsyncQueryRunner to public getDataSource() : DataSource from class org.apache.commons.dbutils.AbstractQueryRunner
ce25148d7d7c50378d8e61e0e2c5084673e94b09;Pull Up Method;Pull Up Method	protected prepareStatement(conn Connection, sql String) : PreparedStatement from class org.apache.commons.dbutils.AsyncQueryRunner to protected prepareStatement(conn Connection, sql String) : PreparedStatement from class org.apache.commons.dbutils.AbstractQueryRunner
ce25148d7d7c50378d8e61e0e2c5084673e94b09;Pull Up Method;Pull Up Method	protected prepareConnection() : Connection from class org.apache.commons.dbutils.AsyncQueryRunner to protected prepareConnection() : Connection from class org.apache.commons.dbutils.AbstractQueryRunner
ce25148d7d7c50378d8e61e0e2c5084673e94b09;Pull Up Method;Pull Up Method	public fillStatement(stmt PreparedStatement, params Object[]) : void from class org.apache.commons.dbutils.AsyncQueryRunner to public fillStatement(stmt PreparedStatement, params Object[]) : void from class org.apache.commons.dbutils.AbstractQueryRunner
ce25148d7d7c50378d8e61e0e2c5084673e94b09;Pull Up Method;Pull Up Method	public fillStatementWithBean(stmt PreparedStatement, bean Object, properties PropertyDescriptor[]) : void from class org.apache.commons.dbutils.AsyncQueryRunner to public fillStatementWithBean(stmt PreparedStatement, bean Object, properties PropertyDescriptor[]) : void from class org.apache.commons.dbutils.AbstractQueryRunner
ce25148d7d7c50378d8e61e0e2c5084673e94b09;Pull Up Method;Pull Up Method	public fillStatementWithBean(stmt PreparedStatement, bean Object, propertyNames String[]) : void from class org.apache.commons.dbutils.AsyncQueryRunner to public fillStatementWithBean(stmt PreparedStatement, bean Object, propertyNames String[]) : void from class org.apache.commons.dbutils.AbstractQueryRunner
ce25148d7d7c50378d8e61e0e2c5084673e94b09;Pull Up Method;Pull Up Method	protected rethrow(cause SQLException, sql String, params Object[]) : void from class org.apache.commons.dbutils.AsyncQueryRunner to protected rethrow(cause SQLException, sql String, params Object[]) : void from class org.apache.commons.dbutils.AbstractQueryRunner
ce25148d7d7c50378d8e61e0e2c5084673e94b09;Pull Up Method;Pull Up Method	protected wrap(rs ResultSet) : ResultSet from class org.apache.commons.dbutils.AsyncQueryRunner to protected wrap(rs ResultSet) : ResultSet from class org.apache.commons.dbutils.AbstractQueryRunner
ce25148d7d7c50378d8e61e0e2c5084673e94b09;Pull Up Method;Pull Up Method	protected close(conn Connection) : void from class org.apache.commons.dbutils.AsyncQueryRunner to protected close(conn Connection) : void from class org.apache.commons.dbutils.AbstractQueryRunner
ce25148d7d7c50378d8e61e0e2c5084673e94b09;Pull Up Method;Pull Up Method	protected close(stmt Statement) : void from class org.apache.commons.dbutils.AsyncQueryRunner to protected close(stmt Statement) : void from class org.apache.commons.dbutils.AbstractQueryRunner
ce25148d7d7c50378d8e61e0e2c5084673e94b09;Pull Up Method;Pull Up Method	protected close(rs ResultSet) : void from class org.apache.commons.dbutils.AsyncQueryRunner to protected close(rs ResultSet) : void from class org.apache.commons.dbutils.AbstractQueryRunner
ce25148d7d7c50378d8e61e0e2c5084673e94b09;Pull Up Attribute;Pull Up Attribute	protected pmdKnownBroken : boolean from class org.apache.commons.dbutils.AsyncQueryRunner to class org.apache.commons.dbutils.AbstractQueryRunner
ce25148d7d7c50378d8e61e0e2c5084673e94b09;Pull Up Attribute;Pull Up Attribute	protected ds : DataSource from class org.apache.commons.dbutils.AsyncQueryRunner to class org.apache.commons.dbutils.AbstractQueryRunner
ce25148d7d7c50378d8e61e0e2c5084673e94b09;Pull Up Method;Pull Up Method	public getDataSource() : DataSource from class org.apache.commons.dbutils.QueryRunner to public getDataSource() : DataSource from class org.apache.commons.dbutils.AbstractQueryRunner
ce25148d7d7c50378d8e61e0e2c5084673e94b09;Pull Up Method;Pull Up Method	protected prepareStatement(conn Connection, sql String) : PreparedStatement from class org.apache.commons.dbutils.QueryRunner to protected prepareStatement(conn Connection, sql String) : PreparedStatement from class org.apache.commons.dbutils.AbstractQueryRunner
ce25148d7d7c50378d8e61e0e2c5084673e94b09;Pull Up Method;Pull Up Method	protected prepareConnection() : Connection from class org.apache.commons.dbutils.QueryRunner to protected prepareConnection() : Connection from class org.apache.commons.dbutils.AbstractQueryRunner
ce25148d7d7c50378d8e61e0e2c5084673e94b09;Pull Up Method;Pull Up Method	public fillStatement(stmt PreparedStatement, params Object[]) : void from class org.apache.commons.dbutils.QueryRunner to public fillStatement(stmt PreparedStatement, params Object[]) : void from class org.apache.commons.dbutils.AbstractQueryRunner
ce25148d7d7c50378d8e61e0e2c5084673e94b09;Pull Up Method;Pull Up Method	public fillStatementWithBean(stmt PreparedStatement, bean Object, properties PropertyDescriptor[]) : void from class org.apache.commons.dbutils.QueryRunner to public fillStatementWithBean(stmt PreparedStatement, bean Object, properties PropertyDescriptor[]) : void from class org.apache.commons.dbutils.AbstractQueryRunner
ce25148d7d7c50378d8e61e0e2c5084673e94b09;Pull Up Method;Pull Up Method	public fillStatementWithBean(stmt PreparedStatement, bean Object, propertyNames String[]) : void from class org.apache.commons.dbutils.QueryRunner to public fillStatementWithBean(stmt PreparedStatement, bean Object, propertyNames String[]) : void from class org.apache.commons.dbutils.AbstractQueryRunner
ce25148d7d7c50378d8e61e0e2c5084673e94b09;Pull Up Method;Pull Up Method	protected rethrow(cause SQLException, sql String, params Object[]) : void from class org.apache.commons.dbutils.QueryRunner to protected rethrow(cause SQLException, sql String, params Object[]) : void from class org.apache.commons.dbutils.AbstractQueryRunner
ce25148d7d7c50378d8e61e0e2c5084673e94b09;Pull Up Method;Pull Up Method	protected wrap(rs ResultSet) : ResultSet from class org.apache.commons.dbutils.QueryRunner to protected wrap(rs ResultSet) : ResultSet from class org.apache.commons.dbutils.AbstractQueryRunner
ce25148d7d7c50378d8e61e0e2c5084673e94b09;Pull Up Method;Pull Up Method	protected close(conn Connection) : void from class org.apache.commons.dbutils.QueryRunner to protected close(conn Connection) : void from class org.apache.commons.dbutils.AbstractQueryRunner
ce25148d7d7c50378d8e61e0e2c5084673e94b09;Pull Up Method;Pull Up Method	protected close(stmt Statement) : void from class org.apache.commons.dbutils.QueryRunner to protected close(stmt Statement) : void from class org.apache.commons.dbutils.AbstractQueryRunner
ce25148d7d7c50378d8e61e0e2c5084673e94b09;Pull Up Method;Pull Up Method	protected close(rs ResultSet) : void from class org.apache.commons.dbutils.QueryRunner to protected close(rs ResultSet) : void from class org.apache.commons.dbutils.AbstractQueryRunner
ce25148d7d7c50378d8e61e0e2c5084673e94b09;Pull Up Attribute;Pull Up Attribute	protected pmdKnownBroken : boolean from class org.apache.commons.dbutils.QueryRunner to class org.apache.commons.dbutils.AbstractQueryRunner
ce25148d7d7c50378d8e61e0e2c5084673e94b09;Pull Up Attribute;Pull Up Attribute	protected ds : DataSource from class org.apache.commons.dbutils.QueryRunner to class org.apache.commons.dbutils.AbstractQueryRunner
3d007fb729d5168f326c800c2e4f79e544443d1a;Extract Superclass;Extract Superclass	org.apache.commons.dbutils.handlers.AbstractKeyedHandler from classes [org.apache.commons.dbutils.handlers.KeyedHandler]
3d007fb729d5168f326c800c2e4f79e544443d1a;Pull Up Method;Pull Up Method	public handle(rs ResultSet) : Map<Object,Map<String,Object>> from class org.apache.commons.dbutils.handlers.KeyedHandler to public handle(rs ResultSet) : Map<K,V> from class org.apache.commons.dbutils.handlers.AbstractKeyedHandler
6f0bb72abdcafecb2cc68056cefa6ce1c6729acd;Inline Method;Inline Method	public setDataSource(dataSource DataSource) : void inlined to public QueryRunner(ds DataSource) in class org.apache.commons.dbutils.QueryRunner
6f0bb72abdcafecb2cc68056cefa6ce1c6729acd;Inline Method;Inline Method	public setDataSource(dataSource DataSource) : void inlined to public QueryRunner(ds DataSource, pmdKnownBroken boolean) in class org.apache.commons.dbutils.QueryRunner
30519c791c02fa6605f682b9514442606af30756;Rename Variable;Rename Variable	b : TestBean to row : TestBean in method public testToBean() : void in class org.apache.commons.dbutils.BasicRowProcessorTest
3e7e24d40e6e3f95f11f866a4cbf40fab6ec79f6;Rename Class;Rename Class	org.apache.commons.dbutils.handlers.GenericListHandler renamed to org.apache.commons.dbutils.handlers.AbstractListHandler
3e7e24d40e6e3f95f11f866a4cbf40fab6ec79f6;Extract Method;Extract Method	public query(conn Connection, sql String, rsh ResultSetHandler, params Object[]) : Object extracted from public query(conn Connection, sql String, params Object[], rsh ResultSetHandler) : Object in class org.apache.commons.dbutils.QueryRunner
3e7e24d40e6e3f95f11f866a4cbf40fab6ec79f6;Extract Method;Extract Method	public query(sql String, rsh ResultSetHandler, params Object[]) : Object extracted from public query(sql String, params Object[], rsh ResultSetHandler) : Object in class org.apache.commons.dbutils.QueryRunner
3e7e24d40e6e3f95f11f866a4cbf40fab6ec79f6;Extract Variable;Extract Variable	causeMessage : String in method protected rethrow(cause SQLException, sql String, params Object[]) : void from class org.apache.commons.dbutils.QueryRunner
3e7e24d40e6e3f95f11f866a4cbf40fab6ec79f6;Rename Method;Rename Method	protected handleRow(rs ResultSet) : Object renamed to public handle(rs ResultSet) : Object in class org.apache.commons.dbutils.handlers.BeanListHandler
6d00bc769353589e9f463f1bee57457a5a54514f;Rename Method;Rename Method	public handle(rs ResultSet) : Object renamed to protected handleRow(rs ResultSet) : Object in class org.apache.commons.dbutils.handlers.BeanListHandler
646596058047e3c9b2eb89d10ac25844de35237c;Rename Parameter;Rename Parameter	sqle : SQLException to e : SQLException in method public printStackTrace(e SQLException) : void in class org.apache.commons.dbutils.DbUtils
646596058047e3c9b2eb89d10ac25844de35237c;Rename Parameter;Rename Parameter	sqle : SQLException to e : SQLException in method public printStackTrace(e SQLException, pw PrintWriter) : void in class org.apache.commons.dbutils.DbUtils
646596058047e3c9b2eb89d10ac25844de35237c;Rename Parameter;Rename Parameter	connection : Connection to conn : Connection in method public printWarnings(conn Connection) : void in class org.apache.commons.dbutils.DbUtils
166cc8a9d395e9348d13f58cdcffc8bc56fb7cb7;Extract Method;Extract Method	protected prepareConnection() : Connection extracted from public batch(sql String, params Object[][]) : int[] in class org.apache.commons.dbutils.QueryRunner
166cc8a9d395e9348d13f58cdcffc8bc56fb7cb7;Extract Method;Extract Method	protected prepareConnection() : Connection extracted from public query(sql String, params Object[], rsh ResultSetHandler) : Object in class org.apache.commons.dbutils.QueryRunner
166cc8a9d395e9348d13f58cdcffc8bc56fb7cb7;Extract Method;Extract Method	protected prepareConnection() : Connection extracted from public update(sql String, params Object[]) : int in class org.apache.commons.dbutils.QueryRunner
1f40f6488c074260c4d02bf825fe754c8ee3ce1d;Extract Method;Extract Method	protected close(conn Connection) : void extracted from public batch(sql String, params Object[][]) : int[] in class org.apache.commons.dbutils.QueryRunner
1f40f6488c074260c4d02bf825fe754c8ee3ce1d;Extract Method;Extract Method	protected close(conn Connection) : void extracted from public query(sql String, params Object[], rsh ResultSetHandler) : Object in class org.apache.commons.dbutils.QueryRunner
1f40f6488c074260c4d02bf825fe754c8ee3ce1d;Extract Method;Extract Method	protected close(conn Connection) : void extracted from public update(sql String, params Object[]) : int in class org.apache.commons.dbutils.QueryRunner
1f40f6488c074260c4d02bf825fe754c8ee3ce1d;Extract Method;Extract Method	protected close(stmt Statement) : void extracted from public batch(conn Connection, sql String, params Object[][]) : int[] in class org.apache.commons.dbutils.QueryRunner
1f40f6488c074260c4d02bf825fe754c8ee3ce1d;Extract Method;Extract Method	protected close(stmt Statement) : void extracted from public update(conn Connection, sql String, params Object[]) : int in class org.apache.commons.dbutils.QueryRunner
1f40f6488c074260c4d02bf825fe754c8ee3ce1d;Extract Method;Extract Method	protected close(rs ResultSet) : void extracted from public query(conn Connection, sql String, params Object[], rsh ResultSetHandler) : Object in class org.apache.commons.dbutils.QueryRunner
e89c9bfa8e727a87cb45e33b21784e584da502ec;Extract Class;Extract Class	org.apache.commons.dbutils.BeanProcessor from class org.apache.commons.dbutils.BasicRowProcessor
e89c9bfa8e727a87cb45e33b21784e584da502ec;Move Method;Move Method	private createBean(rs ResultSet, type Class, props PropertyDescriptor[], columnToProperty int[], cols int) : Object from class org.apache.commons.dbutils.BasicRowProcessor to private createBean(rs ResultSet, type Class, props PropertyDescriptor[], columnToProperty int[], cols int) : Object from class org.apache.commons.dbutils.BeanProcessor
e89c9bfa8e727a87cb45e33b21784e584da502ec;Move Method;Move Method	private callSetter(target Object, prop PropertyDescriptor, value Object) : void from class org.apache.commons.dbutils.BasicRowProcessor to private callSetter(target Object, prop PropertyDescriptor, value Object) : void from class org.apache.commons.dbutils.BeanProcessor
e89c9bfa8e727a87cb45e33b21784e584da502ec;Move Method;Move Method	private isCompatibleType(value Object, type Class) : boolean from class org.apache.commons.dbutils.BasicRowProcessor to private isCompatibleType(value Object, type Class) : boolean from class org.apache.commons.dbutils.BeanProcessor
e89c9bfa8e727a87cb45e33b21784e584da502ec;Move Method;Move Method	private newInstance(c Class) : Object from class org.apache.commons.dbutils.BasicRowProcessor to private newInstance(c Class) : Object from class org.apache.commons.dbutils.BeanProcessor
e89c9bfa8e727a87cb45e33b21784e584da502ec;Move Method;Move Method	private propertyDescriptors(c Class) : PropertyDescriptor[] from class org.apache.commons.dbutils.BasicRowProcessor to private propertyDescriptors(c Class) : PropertyDescriptor[] from class org.apache.commons.dbutils.BeanProcessor
e89c9bfa8e727a87cb45e33b21784e584da502ec;Move Attribute;Move Attribute	private primitiveDefaults : Map from class org.apache.commons.dbutils.BasicRowProcessor to class org.apache.commons.dbutils.BeanProcessor
cd9a6bef61126bf4dd4715da62e167a590868615;Move Attribute;Move Attribute	public PROPERTY_NOT_FOUND : int from class org.apache.commons.dbutils.BasicRowProcessor to class org.apache.commons.dbutils.ColumnProcessor
cd9a6bef61126bf4dd4715da62e167a590868615;Move Method;Move Method	private mapColumnsToProperties(rsmd ResultSetMetaData, props PropertyDescriptor[]) : int[] from class org.apache.commons.dbutils.BasicRowProcessor to public mapColumnsToProperties(rsmd ResultSetMetaData, props PropertyDescriptor[]) : int[] from class org.apache.commons.dbutils.BasicColumnProcessor
8d0124ae4e194c795db3857a2604fcf4335d5878;Rename Method;Rename Method	private findColumnIndex(columnName String) : int renamed to private columnNameToIndex(columnName String) : int in class org.apache.commons.dbutils.MockResultSet
8d0124ae4e194c795db3857a2604fcf4335d5878;Extract Method;Extract Method	private columnIndex(args Object[]) : int extracted from public invoke(proxy Object, method Method, args Object[]) : Object in class org.apache.commons.dbutils.MockResultSet
8d0124ae4e194c795db3857a2604fcf4335d5878;Extract Method;Extract Method	private setWasNull(isNull Object) : void extracted from protected getObject(columnIndex int) : Object in class org.apache.commons.dbutils.MockResultSet
8d0124ae4e194c795db3857a2604fcf4335d5878;Parameterize Variable;Parameterize Variable	obj : Object to isNull : Object in method private setWasNull(isNull Object) : void in class org.apache.commons.dbutils.MockResultSet
66fb343931c73242873ad8ffe1b377ce6db2bc56;Rename Variable;Rename Variable	newsqle : SQLException to e : SQLException in method protected rethrow(cause SQLException, sql String, params Object[]) : void in class org.apache.commons.dbutils.QueryRunner
5ef20a2ecc69cf485c5f785a41e2e9ac94a0ded8;Rename Attribute;Rename Attribute	primitveDefaults : Map to primitiveDefaults : Map in class org.apache.commons.dbutils.BasicRowProcessor
69464951b7bf565b533408082601e91b7be2e73d;Rename Variable;Rename Variable	pd : PropertyDescriptor[] to props : PropertyDescriptor[] in method public toBeanList(rs ResultSet, type Class) : List in class org.apache.commons.dbutils.BasicRowProcessor
69464951b7bf565b533408082601e91b7be2e73d;Rename Variable;Rename Variable	columnNameToIndex : int[] to columnToProperty : int[] in method private mapColumnsToProperties(rsmd ResultSetMetaData, props PropertyDescriptor[]) : int[] in class org.apache.commons.dbutils.BasicRowProcessor
69464951b7bf565b533408082601e91b7be2e73d;Rename Variable;Rename Variable	j : int to i : int in method private mapColumnsToProperties(rsmd ResultSetMetaData, props PropertyDescriptor[]) : int[] in class org.apache.commons.dbutils.BasicRowProcessor
69464951b7bf565b533408082601e91b7be2e73d;Rename Parameter;Rename Parameter	pd : PropertyDescriptor[] to props : PropertyDescriptor[] in method private mapColumnsToProperties(rsmd ResultSetMetaData, props PropertyDescriptor[]) : int[] in class org.apache.commons.dbutils.BasicRowProcessor
92c3480b1e5ad39f61717baef125a9580801b0b1;Rename Method;Rename Method	public getNotADate() : String renamed to public getNotDate() : String in class org.apache.commons.dbutils.TestBean
92c3480b1e5ad39f61717baef125a9580801b0b1;Rename Method;Rename Method	public setNotADate(string String) : void renamed to public setNotDate(string String) : void in class org.apache.commons.dbutils.TestBean
92c3480b1e5ad39f61717baef125a9580801b0b1;Rename Attribute;Rename Attribute	notADate : String to notDate : String in class org.apache.commons.dbutils.TestBean
2cc4290361210ca39b94ed14dfa534d6d32fb727;Extract Method;Extract Method	private createBean(rs ResultSet, type Class, props PropertyDescriptor[], columnToProperty int[], cols int) : Object extracted from public toBean(rs ResultSet, type Class) : Object in class org.apache.commons.dbutils.BasicRowProcessor
2cc4290361210ca39b94ed14dfa534d6d32fb727;Extract Method;Extract Method	private createBean(rs ResultSet, type Class, props PropertyDescriptor[], columnToProperty int[], cols int) : Object extracted from public toBeanList(rs ResultSet, type Class) : List in class org.apache.commons.dbutils.BasicRowProcessor
2cc4290361210ca39b94ed14dfa534d6d32fb727;Rename Variable;Rename Variable	objs : Object[] to result : Object[] in method public toArray(rs ResultSet) : Object[] in class org.apache.commons.dbutils.BasicRowProcessor
2cc4290361210ca39b94ed14dfa534d6d32fb727;Rename Variable;Rename Variable	columnNameToIndex : int[] to columnToProperty : int[] in method public toBeanList(rs ResultSet, type Class) : List in class org.apache.commons.dbutils.BasicRowProcessor
2cc4290361210ca39b94ed14dfa534d6d32fb727;Rename Parameter;Rename Parameter	pd : PropertyDescriptor to prop : PropertyDescriptor in method private callSetter(target Object, prop PropertyDescriptor, value Object) : void in class org.apache.commons.dbutils.BasicRowProcessor
